Produto,Categoria,Estoque,Vendidos,Data_de_vendas,Data_venda,Vendedor
Café,Cereal,466,277,2024-01-01,01/01/2024,
Soja,Grão,191,37,2024-01-02,02/01/2024,Pedro
Cana-de-açúcar,Grão,indefinido,241,2024-01-03,03/01/2024,Fernanda
Arroz,Bebida,222,283,2024-01-04,04/01/2024,Carlos
Arroz,Bebida,370,432,2024-01-05,05/01/2024,Patrícia
Café,Grão,559,443,2024-01-06,06/01/2024,
Cana-de-açúcar,Cereal,530,337,2024-01-07,07/01/2024,Patrícia
Algodão,Fibra,100,,2024-01-08,08/01/2024,Ricardo
Cana-de-açúcar,Bebida,52,116,2024-01-09,09/01/2024,
Café,Cereal,187,369,2024-01-10,10/01/2024,Pedro
Soja,Cereal,929,190,2024-01-11,11/01/2024,Pedro
Cana-de-açúcar,Cereal,526,181,2024-01-12,12/01/2024,João
Arroz,Bebida,438,104,2024-01-13,13/01/2024,Ana
Arroz,Cereal,315,200,2024-01-14,14/01/2024,Carlos
Café,Fibra,50,377,2024-01-15,15/01/2024,Carlos
Café,Bebida,969,412,2024-01-16,16/01/2024,Patrícia
Soja,Bebida,indefinido,36,2024-01-17,17/01/2024,Fernanda
Cana-de-açúcar,Cereal,830,,2024-01-18,erro,Ricardo
Cana-de-açúcar,Cereal,620,192,2024-01-19,19/01/2024,Patrícia
Trigo,Bebida,931,189,2024-01-20,20/01/2024,Ana
Café,Grão,323,278,sem data,21/01/2024,Patrícia
Trigo,Cereal,861,280,sem data,22/01/2024,Pedro
Arroz,Bebida,141,243,2024-01-23,23/01/2024,Fernanda
Algodão,Bebida,612,209,2024-01-24,erro,Pedro
Milho,Bebida,432,85,sem data,25/01/2024,Ana
Trigo,Grão,865,498,2024-01-26,26/01/2024,Carlos
Algodão,Fibra,indefinido,65,sem data,27/01/2024,Carlos
Arroz,Bebida,277,476,2024-01-28,erro,Carlos
Soja,Cereal,indefinido,48,2024-01-29,29/01/2024,Carlos
Arroz,Bebida,278,,2024-01-30,erro,Fernanda
Cana-de-açúcar,Cereal,229,186,2024-01-31,erro,
Café,Bebida,509,327,sem data,01/02/2024,Pedro
Trigo,Grão,529,180,2024-02-02,02/02/2024,Fernanda
Cana-de-açúcar,Cereal,303,68,2024-02-03,03/02/2024,Maria
Arroz,Grão,indefinido,272,2024-02-04,04/02/2024,Maria
Algodão,Fibra,615,26,2024-02-05,05/02/2024,Ricardo
Soja,Grão,174,271,2024-02-06,06/02/2024,Fernanda
Trigo,Grão,500,304,sem data,07/02/2024,Ana
Café,Fibra,454,106,2024-02-08,08/02/2024,Fernanda
Algodão,Grão,109,167,2024-02-09,09/02/2024,Patrícia
Café,Fibra,745,265,2024-02-10,10/02/2024,Patrícia
Cana-de-açúcar,Fibra,396,377,2024-02-11,erro,Ana
Soja,Cereal,154,355,2024-02-12,12/02/2024,Carlos
Soja,Cereal,99,,2024-02-13,13/02/2024,Pedro
Soja,Bebida,588,179,2024-02-14,14/02/2024,Carlos
Café,Cereal,448,292,2024-02-15,15/02/2024,Carlos
Soja,Grão,525,319,2024-02-16,16/02/2024,Maria
Arroz,Cereal,418,265,2024-02-17,17/02/2024,Fernanda
Soja,Grão,710,1,2024-02-18,18/02/2024,
Soja,Grão,253,391,2024-02-19,19/02/2024,Pedro
Milho,Cereal,242,70,2024-02-20,20/02/2024,Ricardo
Trigo,Bebida,457,457,2024-02-21,21/02/2024,Patrícia
Algodão,Fibra,720,,2024-02-22,22/02/2024,Carlos
Algodão,Bebida,719,379,2024-02-23,23/02/2024,Ana
Milho,Fibra,853,432,sem data,24/02/2024,Ana
Cana-de-açúcar,Cereal,indefinido,271,2024-02-25,25/02/2024,Ana
Algodão,Cereal,890,345,2024-02-26,26/02/2024,Pedro
Café,Fibra,280,171,sem data,27/02/2024,
Cana-de-açúcar,Fibra,650,238,sem data,28/02/2024,Pedro
Milho,Bebida,372,273,2024-02-29,29/02/2024,Ricardo
Café,Cereal,685,14,2024-03-01,01/03/2024,Fernanda
Trigo,Cereal,470,425,2024-03-02,02/03/2024,João
Cana-de-açúcar,Grão,484,,2024-03-03,03/03/2024,Pedro
Trigo,Fibra,671,3,2024-03-04,04/03/2024,Fernanda
Cana-de-açúcar,Fibra,438,171,2024-03-05,05/03/2024,Maria
Café,Bebida,345,78,2024-03-06,06/03/2024,Carlos
Cana-de-açúcar,Fibra,962,166,sem data,erro,João
Soja,Grão,639,140,2024-03-08,08/03/2024,João
Arroz,Cereal,indefinido,200,2024-03-09,09/03/2024,Carlos
Arroz,Fibra,247,332,sem data,10/03/2024,Ana
Algodão,Fibra,581,25,2024-03-11,11/03/2024,Ricardo
Algodão,Fibra,indefinido,65,2024-03-12,12/03/2024,Fernanda
Trigo,Fibra,461,64,2024-03-13,13/03/2024,João
Trigo,Grão,152,44,2024-03-14,14/03/2024,Maria
Café,Grão,996,219,2024-03-15,15/03/2024,João
Cana-de-açúcar,Fibra,385,302,2024-03-16,16/03/2024,Fernanda
Café,Fibra,396,23,2024-03-17,17/03/2024,Fernanda
Cana-de-açúcar,Grão,912,39,2024-03-18,18/03/2024,João
Café,Fibra,919,186,2024-03-19,19/03/2024,Ricardo
Milho,Fibra,21,178,2024-03-20,20/03/2024,Ricardo
Trigo,Bebida,768,468,2024-03-21,21/03/2024,Fernanda
Cana-de-açúcar,Fibra,indefinido,89,2024-03-22,22/03/2024,Ana
Soja,Cereal,330,198,2024-03-23,23/03/2024,João
Cana-de-açúcar,Fibra,602,243,2024-03-24,24/03/2024,Ana
Algodão,Bebida,544,323,2024-03-25,25/03/2024,Fernanda
Trigo,Cereal,254,69,2024-03-26,26/03/2024,Patrícia
Soja,Grão,862,247,2024-03-27,27/03/2024,Carlos
Arroz,Fibra,951,137,2024-03-28,28/03/2024,Ricardo
Soja,Fibra,4,242,2024-03-29,29/03/2024,Pedro
Trigo,Cereal,782,361,2024-03-30,30/03/2024,Maria
Trigo,Bebida,685,299,2024-03-31,erro,João
Cana-de-açúcar,Bebida,indefinido,29,2024-04-01,01/04/2024,João
Arroz,Fibra,782,315,2024-04-02,02/04/2024,Patrícia
Cana-de-açúcar,Grão,503,190,2024-04-03,erro,Maria
Soja,Cereal,985,323,2024-04-04,04/04/2024,Ricardo
Cana-de-açúcar,Cereal,306,365,sem data,05/04/2024,Ricardo
Café,Cereal,223,277,2024-04-06,06/04/2024,João
Café,Bebida,706,347,2024-04-07,07/04/2024,Ana
Cana-de-açúcar,Bebida,482,342,2024-04-08,08/04/2024,Maria
Arroz,Fibra,17,433,2024-04-09,09/04/2024,Ana
Soja,Cereal,71,345,2024-04-10,10/04/2024,
Algodão,Fibra,789,446,2024-04-11,11/04/2024,Fernanda
Trigo,Bebida,indefinido,193,2024-04-12,12/04/2024,Ana
Algodão,Grão,860,175,2024-04-13,13/04/2024,Maria
Soja,Bebida,905,183,2024-04-14,14/04/2024,Ricardo
Trigo,Cereal,128,33,sem data,15/04/2024,Fernanda
Soja,Grão,162,133,2024-04-16,16/04/2024,Carlos
Arroz,Fibra,968,240,2024-04-17,17/04/2024,Maria
Café,Fibra,577,45,2024-04-18,18/04/2024,Ana
Algodão,Grão,490,234,2024-04-19,19/04/2024,Ana
Milho,Fibra,493,377,2024-04-20,20/04/2024,João
Café,Bebida,688,200,2024-04-21,21/04/2024,Maria
Trigo,Bebida,411,250,2024-04-22,22/04/2024,João
Arroz,Cereal,321,,sem data,23/04/2024,Ricardo
Cana-de-açúcar,Cereal,761,414,2024-04-24,24/04/2024,Ricardo
Cana-de-açúcar,Bebida,432,351,2024-04-25,25/04/2024,Patrícia
Cana-de-açúcar,Bebida,386,313,2024-04-26,erro,Ana
Milho,Grão,330,80,2024-04-27,27/04/2024,João
Soja,Grão,278,208,2024-04-28,28/04/2024,Pedro
Trigo,Fibra,826,105,2024-04-29,29/04/2024,Patrícia
Trigo,Bebida,724,18,2024-04-30,30/04/2024,
Milho,Grão,714,84,2024-05-01,01/05/2024,
Cana-de-açúcar,Cereal,369,379,2024-05-02,02/05/2024,Ricardo
Milho,Cereal,249,164,2024-05-03,03/05/2024,Ana
Café,Cereal,indefinido,41,2024-05-04,04/05/2024,Pedro
Arroz,Bebida,435,63,2024-05-05,05/05/2024,Carlos
Café,Fibra,995,188,sem data,06/05/2024,Ana
Cana-de-açúcar,Bebida,indefinido,185,2024-05-07,07/05/2024,Patrícia
Cana-de-açúcar,Cereal,846,471,2024-05-08,08/05/2024,Patrícia
Algodão,Fibra,536,414,2024-05-09,09/05/2024,Pedro
Café,Bebida,830,364,2024-05-10,10/05/2024,Fernanda
Cana-de-açúcar,Bebida,431,104,2024-05-11,erro,Ana
Cana-de-açúcar,Grão,536,77,2024-05-12,12/05/2024,Carlos
Soja,Cereal,672,164,2024-05-13,13/05/2024,Patrícia
Cana-de-açúcar,Bebida,132,394,2024-05-14,14/05/2024,Patrícia
Cana-de-açúcar,Grão,499,31,2024-05-15,erro,João
Soja,Cereal,28,461,2024-05-16,16/05/2024,Carlos
Milho,Cereal,437,488,2024-05-17,17/05/2024,Ricardo
Milho,Bebida,indefinido,,2024-05-18,18/05/2024,Patrícia
Algodão,Cereal,566,355,2024-05-19,19/05/2024,Pedro
Milho,Bebida,68,58,sem data,20/05/2024,Fernanda
Arroz,Cereal,537,253,2024-05-21,21/05/2024,Pedro
Cana-de-açúcar,Grão,133,241,2024-05-22,22/05/2024,Carlos
Milho,Bebida,215,275,2024-05-23,23/05/2024,Carlos
Café,Fibra,877,,2024-05-24,24/05/2024,Ana
Arroz,Bebida,447,360,2024-05-25,25/05/2024,Ricardo
Milho,Cereal,indefinido,98,2024-05-26,26/05/2024,Patrícia
Algodão,Grão,552,329,2024-05-27,27/05/2024,Patrícia
Soja,Bebida,265,235,2024-05-28,28/05/2024,Ricardo
Café,Grão,582,400,2024-05-29,erro,Ricardo
Arroz,Grão,121,209,2024-05-30,30/05/2024,Ana
Trigo,Bebida,948,97,2024-05-31,31/05/2024,Pedro
Cana-de-açúcar,Cereal,681,351,2024-06-01,erro,Patrícia
Trigo,Cereal,935,39,2024-06-02,02/06/2024,Carlos
Soja,Fibra,935,33,2024-06-03,03/06/2024,Ana
Milho,Cereal,960,492,2024-06-04,04/06/2024,Maria
Milho,Fibra,indefinido,464,sem data,05/06/2024,Ricardo
Milho,Cereal,260,,sem data,erro,Ricardo
Trigo,Fibra,722,213,2024-06-07,07/06/2024,Maria
Café,Grão,8,444,2024-06-08,08/06/2024,Ana
Trigo,Fibra,714,341,2024-06-09,09/06/2024,Patrícia
Arroz,Fibra,737,393,2024-06-10,10/06/2024,Ana
Milho,Cereal,420,396,2024-06-11,11/06/2024,
Soja,Fibra,345,23,2024-06-12,erro,Pedro
Trigo,Grão,219,,2024-06-13,erro,Fernanda
Cana-de-açúcar,Grão,689,352,2024-06-14,14/06/2024,Fernanda
Arroz,Fibra,753,111,2024-06-15,15/06/2024,Carlos
Cana-de-açúcar,Grão,82,334,2024-06-16,16/06/2024,Carlos
Soja,Cereal,314,213,sem data,17/06/2024,Fernanda
Algodão,Bebida,indefinido,57,sem data,18/06/2024,Ana
Arroz,Cereal,596,171,2024-06-19,19/06/2024,Ricardo
Algodão,Bebida,823,370,2024-06-20,20/06/2024,Fernanda
Cana-de-açúcar,Fibra,287,,2024-06-21,21/06/2024,Ricardo
Trigo,Grão,480,37,2024-06-22,22/06/2024,Fernanda
Trigo,Bebida,760,462,2024-06-23,erro,Maria
Soja,Grão,881,83,2024-06-24,24/06/2024,Maria
Cana-de-açúcar,Cereal,334,477,sem data,25/06/2024,Patrícia
Milho,Bebida,293,252,2024-06-26,erro,Ana
Café,Bebida,787,205,2024-06-27,27/06/2024,Patrícia
Café,Grão,indefinido,94,2024-06-28,28/06/2024,Pedro
Café,Fibra,409,113,2024-06-29,29/06/2024,
Trigo,Grão,251,496,2024-06-30,30/06/2024,Fernanda
Cana-de-açúcar,Grão,325,402,2024-07-01,01/07/2024,Ana
Trigo,Grão,744,353,2024-07-02,02/07/2024,João
Algodão,Fibra,134,216,2024-07-03,03/07/2024,Ana
Trigo,Fibra,862,23,2024-07-04,04/07/2024,Pedro
Algodão,Cereal,762,4,2024-07-05,05/07/2024,Ricardo
Algodão,Fibra,799,124,2024-07-06,06/07/2024,Fernanda
Algodão,Cereal,470,46,2024-07-07,07/07/2024,Ana
Trigo,Cereal,989,81,2024-07-08,08/07/2024,Patrícia
Cana-de-açúcar,Grão,733,61,2024-07-09,09/07/2024,Pedro
Cana-de-açúcar,Cereal,398,247,2024-07-10,10/07/2024,
Café,Grão,890,253,2024-07-11,11/07/2024,João
Café,Cereal,indefinido,274,2024-07-12,erro,Patrícia
Soja,Grão,322,190,2024-07-13,13/07/2024,Patrícia
Trigo,Grão,669,63,2024-07-14,14/07/2024,Fernanda
Soja,Cereal,685,239,2024-07-15,erro,João
Algodão,Bebida,688,100,2024-07-16,16/07/2024,Ana
Soja,Bebida,57,491,2024-07-17,17/07/2024,Patrícia
Arroz,Fibra,11,237,sem data,18/07/2024,Fernanda
Trigo,Grão,819,94,2024-07-19,19/07/2024,Ricardo
Arroz,Cereal,387,212,2024-07-20,20/07/2024,
Café,Fibra,103,168,sem data,21/07/2024,Maria
Algodão,Bebida,652,53,2024-07-22,22/07/2024,Ricardo
Soja,Fibra,616,100,2024-07-23,23/07/2024,Pedro
Cana-de-açúcar,Cereal,276,16,2024-07-24,24/07/2024,Ana
Arroz,Cereal,824,208,sem data,25/07/2024,João
Milho,Bebida,724,465,sem data,26/07/2024,João
Café,Fibra,459,90,2024-07-27,27/07/2024,Ana
Soja,Fibra,658,90,sem data,28/07/2024,Fernanda
Milho,Fibra,831,375,sem data,29/07/2024,Patrícia
Trigo,Bebida,151,404,2024-07-30,30/07/2024,Fernanda
Algodão,Fibra,453,193,2024-07-31,31/07/2024,Ana
Trigo,Fibra,778,,2024-08-01,01/08/2024,Patrícia
Cana-de-açúcar,Bebida,indefinido,46,2024-08-02,02/08/2024,
Trigo,Cereal,indefinido,1,2024-08-03,03/08/2024,Maria
Trigo,Fibra,834,257,2024-08-04,erro,João
Milho,Cereal,674,267,2024-08-05,05/08/2024,Ana
Café,Cereal,349,,sem data,06/08/2024,Fernanda
Café,Cereal,458,360,2024-08-07,07/08/2024,Pedro
Algodão,Grão,930,291,2024-08-08,erro,Ana
Café,Grão,46,375,2024-08-09,09/08/2024,Fernanda
Algodão,Grão,195,167,2024-08-10,10/08/2024,Patrícia
Cana-de-açúcar,Grão,697,147,2024-08-11,11/08/2024,Patrícia
Milho,Grão,782,142,2024-08-12,12/08/2024,Maria
Algodão,Fibra,932,120,2024-08-13,13/08/2024,Maria
Trigo,Fibra,847,,2024-08-14,14/08/2024,Ana
Soja,Cereal,269,353,2024-08-15,15/08/2024,Pedro
Arroz,Cereal,827,9,2024-08-16,16/08/2024,Maria
Arroz,Cereal,75,444,2024-08-17,erro,João
Café,Grão,892,323,2024-08-18,18/08/2024,Ricardo
Trigo,Bebida,293,361,2024-08-19,19/08/2024,Maria
Algodão,Fibra,644,428,sem data,erro,Ricardo
Trigo,Fibra,740,117,2024-08-21,21/08/2024,Ricardo
Algodão,Bebida,526,134,2024-08-22,22/08/2024,
Arroz,Cereal,166,29,2024-08-23,23/08/2024,Pedro
Algodão,Fibra,658,385,2024-08-24,erro,
Milho,Fibra,221,452,2024-08-25,25/08/2024,Carlos
Cana-de-açúcar,Fibra,indefinido,184,2024-08-26,26/08/2024,Pedro
Café,Bebida,627,436,2024-08-27,erro,Ricardo
Trigo,Grão,40,170,2024-08-28,28/08/2024,Fernanda
Algodão,Bebida,535,299,2024-08-29,erro,Ricardo
Algodão,Fibra,902,357,sem data,erro,Maria
Algodão,Cereal,134,,2024-08-31,31/08/2024,Fernanda
Arroz,Grão,indefinido,430,2024-09-01,01/09/2024,Pedro
Trigo,Bebida,440,248,2024-09-02,02/09/2024,Patrícia
Algodão,Cereal,indefinido,68,2024-09-03,03/09/2024,João
Soja,Fibra,54,29,2024-09-04,04/09/2024,Pedro
Cana-de-açúcar,Grão,705,485,2024-09-05,05/09/2024,Ricardo
Café,Bebida,77,275,2024-09-06,06/09/2024,Maria
Arroz,Fibra,indefinido,167,2024-09-07,07/09/2024,Patrícia
Algodão,Bebida,954,337,2024-09-08,08/09/2024,Patrícia
Arroz,Cereal,500,157,2024-09-09,09/09/2024,Maria
Soja,Fibra,575,143,2024-09-10,10/09/2024,João
Cana-de-açúcar,Fibra,566,214,2024-09-11,11/09/2024,Maria
Trigo,Grão,550,397,2024-09-12,12/09/2024,
Soja,Fibra,600,338,2024-09-13,13/09/2024,Carlos
Algodão,Fibra,330,245,2024-09-14,14/09/2024,Ricardo
Cana-de-açúcar,Bebida,237,209,sem data,15/09/2024,Fernanda
Trigo,Bebida,761,127,2024-09-16,16/09/2024,Ricardo
Algodão,Grão,180,273,2024-09-17,17/09/2024,Ricardo
Algodão,Bebida,434,235,2024-09-18,18/09/2024,Ana
Milho,Fibra,708,178,sem data,19/09/2024,Carlos
Algodão,Fibra,641,66,2024-09-20,20/09/2024,Ricardo
Soja,Grão,indefinido,460,2024-09-21,21/09/2024,Ana
Soja,Fibra,694,387,2024-09-22,22/09/2024,Patrícia
Milho,Bebida,488,354,2024-09-23,23/09/2024,Maria
Milho,Bebida,213,117,2024-09-24,24/09/2024,Maria
Trigo,Fibra,974,133,2024-09-25,25/09/2024,Ana
Soja,Cereal,777,194,2024-09-26,26/09/2024,Carlos
Soja,Fibra,266,17,2024-09-27,27/09/2024,Carlos
Algodão,Cereal,908,465,sem data,28/09/2024,
Algodão,Cereal,917,311,2024-09-29,29/09/2024,Carlos
Cana-de-açúcar,Bebida,705,414,2024-09-30,30/09/2024,Maria
Algodão,Bebida,973,382,2024-10-01,01/10/2024,Ana
Trigo,Grão,385,222,2024-10-02,02/10/2024,Carlos
Algodão,Bebida,629,132,2024-10-03,03/10/2024,Pedro
Cana-de-açúcar,Bebida,941,84,2024-10-04,04/10/2024,Ana
Cana-de-açúcar,Cereal,16,119,sem data,05/10/2024,João
Cana-de-açúcar,Cereal,827,,2024-10-06,06/10/2024,Ricardo
Trigo,Grão,933,69,2024-10-07,07/10/2024,Carlos
Café,Cereal,217,410,2024-10-08,08/10/2024,Carlos
Arroz,Cereal,indefinido,227,2024-10-09,09/10/2024,Patrícia
Algodão,Cereal,895,326,2024-10-10,10/10/2024,João
Milho,Grão,866,498,2024-10-11,11/10/2024,Pedro
Soja,Bebida,153,,2024-10-12,12/10/2024,Ana
Trigo,Cereal,221,51,2024-10-13,13/10/2024,Carlos
Café,Cereal,indefinido,231,2024-10-14,14/10/2024,Fernanda
Algodão,Cereal,47,291,sem data,15/10/2024,
Milho,Cereal,480,364,2024-10-16,16/10/2024,Fernanda
Trigo,Grão,351,274,2024-10-17,17/10/2024,Ricardo
Soja,Grão,955,189,2024-10-18,18/10/2024,Maria
Café,Cereal,859,410,2024-10-19,19/10/2024,Patrícia
Arroz,Cereal,167,472,2024-10-20,20/10/2024,Pedro
Soja,Fibra,458,275,2024-10-21,21/10/2024,Fernanda
Milho,Cereal,6,266,2024-10-22,22/10/2024,Fernanda
Arroz,Grão,421,365,2024-10-23,23/10/2024,Maria
Cana-de-açúcar,Cereal,119,295,2024-10-24,24/10/2024,João
Milho,Grão,81,50,2024-10-25,25/10/2024,Ricardo
Algodão,Fibra,954,62,2024-10-26,26/10/2024,Maria
Milho,Grão,925,305,2024-10-27,27/10/2024,Ricardo
Trigo,Fibra,229,401,2024-10-28,28/10/2024,Ricardo
Café,Fibra,990,306,2024-10-29,29/10/2024,Pedro
Cana-de-açúcar,Bebida,903,447,2024-10-30,30/10/2024,Pedro
Cana-de-açúcar,Cereal,487,333,2024-10-31,31/10/2024,Ana
Trigo,Fibra,220,,2024-11-01,01/11/2024,Pedro
Soja,Bebida,803,64,2024-11-02,02/11/2024,Fernanda
Arroz,Fibra,407,61,2024-11-03,03/11/2024,Ana
Soja,Bebida,606,334,2024-11-04,erro,Ricardo
Arroz,Cereal,315,276,2024-11-05,05/11/2024,João
Milho,Grão,765,454,2024-11-06,06/11/2024,João
Arroz,Grão,464,454,2024-11-07,07/11/2024,Ricardo
Arroz,Cereal,523,285,sem data,08/11/2024,Ricardo
Algodão,Cereal,111,158,2024-11-09,09/11/2024,Fernanda
Soja,Grão,indefinido,303,2024-11-10,10/11/2024,
Algodão,Fibra,544,173,2024-11-11,11/11/2024,Patrícia
Arroz,Fibra,indefinido,282,sem data,12/11/2024,Carlos
Cana-de-açúcar,Bebida,533,356,sem data,13/11/2024,Pedro
Trigo,Bebida,424,,2024-11-14,14/11/2024,Patrícia
Soja,Grão,838,230,2024-11-15,15/11/2024,Fernanda
Algodão,Cereal,513,50,2024-11-16,16/11/2024,Ricardo
Arroz,Grão,806,129,2024-11-17,17/11/2024,Ricardo
Milho,Cereal,431,250,2024-11-18,18/11/2024,
Soja,Grão,67,370,2024-11-19,erro,Maria
Soja,Cereal,534,287,2024-11-20,20/11/2024,Carlos
Arroz,Cereal,indefinido,426,2024-11-21,21/11/2024,Pedro
Algodão,Bebida,969,397,2024-11-22,22/11/2024,
Trigo,Fibra,371,262,2024-11-23,23/11/2024,Fernanda
Soja,Bebida,924,460,2024-11-24,24/11/2024,Ricardo
Arroz,Bebida,602,278,2024-11-25,erro,Patrícia
Soja,Bebida,458,436,2024-11-26,26/11/2024,Ana
Arroz,Cereal,912,139,2024-11-27,27/11/2024,Maria
Café,Fibra,635,400,sem data,28/11/2024,Carlos
Arroz,Fibra,459,202,2024-11-29,erro,Pedro
Trigo,Grão,71,,sem data,30/11/2024,Maria
Algodão,Grão,123,124,2024-12-01,01/12/2024,João
Café,Cereal,182,158,2024-12-02,02/12/2024,Patrícia
Arroz,Fibra,395,263,2024-12-03,03/12/2024,Fernanda
Milho,Fibra,737,396,2024-12-04,04/12/2024,Patrícia
Café,Grão,582,,2024-12-05,05/12/2024,Ana
Milho,Grão,indefinido,388,sem data,06/12/2024,Ana
Cana-de-açúcar,Fibra,270,177,2024-12-07,07/12/2024,Maria
Arroz,Fibra,375,,2024-12-08,08/12/2024,Ana
Milho,Grão,939,429,2024-12-09,09/12/2024,Maria
Café,Bebida,248,401,2024-12-10,10/12/2024,Carlos
Algodão,Bebida,220,257,2024-12-11,11/12/2024,Maria
Arroz,Bebida,881,364,2024-12-12,12/12/2024,Ana
Café,Bebida,indefinido,319,2024-12-13,13/12/2024,Fernanda
Cana-de-açúcar,Cereal,904,421,2024-12-14,14/12/2024,Patrícia
Soja,Cereal,559,,2024-12-15,15/12/2024,Ana
Algodão,Cereal,287,224,2024-12-16,16/12/2024,Ricardo
Trigo,Fibra,indefinido,436,2024-12-17,erro,Ricardo
Arroz,Grão,11,168,2024-12-18,18/12/2024,Patrícia
Trigo,Bebida,70,449,2024-12-19,erro,Pedro
Arroz,Cereal,187,,2024-12-20,20/12/2024,Carlos
Trigo,Cereal,0,138,2024-12-21,21/12/2024,Ana
Trigo,Cereal,713,407,2024-12-22,22/12/2024,Fernanda
Café,Bebida,786,202,sem data,23/12/2024,Fernanda
Arroz,Cereal,844,21,2024-12-24,24/12/2024,Ana
Cana-de-açúcar,Grão,849,193,2024-12-25,erro,Maria
Arroz,Grão,918,467,2024-12-26,26/12/2024,Ana
Soja,Bebida,807,160,2024-12-27,27/12/2024,Patrícia
Trigo,Bebida,863,,2024-12-28,28/12/2024,Fernanda
Soja,Fibra,965,271,2024-12-29,29/12/2024,Ana
Algodão,Cereal,717,99,2024-12-30,erro,Fernanda
Cana-de-açúcar,Cereal,431,456,2024-12-31,31/12/2024,Maria
Trigo,Bebida,650,120,2025-01-01,01/01/2025,Maria
Trigo,Bebida,974,,2025-01-02,02/01/2025,Carlos
Soja,Fibra,222,272,2025-01-03,03/01/2025,Ana
Algodão,Bebida,11,373,2025-01-04,04/01/2025,Patrícia
Arroz,Fibra,899,147,2025-01-05,05/01/2025,Maria
Algodão,Bebida,49,69,2025-01-06,06/01/2025,Ricardo
Milho,Fibra,758,143,2025-01-07,07/01/2025,Fernanda
Trigo,Fibra,214,414,2025-01-08,08/01/2025,Fernanda
Soja,Fibra,147,137,2025-01-09,09/01/2025,Carlos
Café,Grão,66,292,2025-01-10,10/01/2025,
Milho,Grão,814,162,2025-01-11,11/01/2025,João
Cana-de-açúcar,Grão,682,460,2025-01-12,12/01/2025,Pedro
Cana-de-açúcar,Grão,918,1,2025-01-13,13/01/2025,Fernanda
Milho,Fibra,636,311,2025-01-14,14/01/2025,Maria
Café,Grão,423,17,2025-01-15,15/01/2025,Ricardo
Arroz,Cereal,732,498,2025-01-16,16/01/2025,Carlos
Soja,Grão,656,,2025-01-17,17/01/2025,Ana
Milho,Cereal,479,132,2025-01-18,18/01/2025,Ana
Cana-de-açúcar,Bebida,448,184,2025-01-19,19/01/2025,Pedro
Arroz,Fibra,352,208,2025-01-20,20/01/2025,Fernanda
Soja,Grão,indefinido,64,2025-01-21,21/01/2025,Patrícia
Cana-de-açúcar,Fibra,250,112,2025-01-22,22/01/2025,Ricardo
Algodão,Fibra,865,68,2025-01-23,23/01/2025,Pedro
Café,Grão,471,123,2025-01-24,24/01/2025,Ana
Milho,Grão,190,400,2025-01-25,25/01/2025,Ricardo
Arroz,Bebida,101,,sem data,26/01/2025,Carlos
Café,Bebida,567,420,sem data,27/01/2025,Pedro
Arroz,Cereal,212,2,2025-01-28,28/01/2025,Pedro
Café,Bebida,51,260,2025-01-29,29/01/2025,Pedro
Soja,Fibra,677,,2025-01-30,30/01/2025,Carlos
Cana-de-açúcar,Bebida,993,75,2025-01-31,31/01/2025,João
Algodão,Grão,812,187,2025-02-01,01/02/2025,Ricardo
Soja,Bebida,947,199,2025-02-02,02/02/2025,João
Algodão,Fibra,397,66,sem data,03/02/2025,Fernanda
Trigo,Bebida,134,182,2025-02-04,erro,Carlos
Café,Cereal,916,460,2025-02-05,05/02/2025,Fernanda
Trigo,Cereal,indefinido,267,2025-02-06,06/02/2025,Ana
Milho,Grão,318,239,2025-02-07,07/02/2025,Carlos
Cana-de-açúcar,Cereal,460,130,2025-02-08,08/02/2025,Ricardo
Trigo,Bebida,indefinido,355,2025-02-09,09/02/2025,Maria
Café,Grão,625,29,2025-02-10,10/02/2025,João
Café,Bebida,433,429,2025-02-11,11/02/2025,
Algodão,Grão,899,466,2025-02-12,12/02/2025,João
Trigo,Grão,629,326,sem data,13/02/2025,Ana
Cana-de-açúcar,Bebida,661,381,2025-02-14,14/02/2025,Carlos
Milho,Grão,61,252,2025-02-15,15/02/2025,Patrícia
Milho,Bebida,120,,2025-02-16,16/02/2025,Fernanda
Algodão,Cereal,96,230,2025-02-17,17/02/2025,João
Algodão,Grão,124,310,2025-02-18,18/02/2025,Patrícia
Soja,Grão,20,116,2025-02-19,19/02/2025,Ricardo
Arroz,Fibra,670,178,2025-02-20,20/02/2025,Ana
Trigo,Grão,904,394,2025-02-21,21/02/2025,
Arroz,Fibra,935,490,sem data,erro,Maria
Café,Cereal,indefinido,314,2025-02-23,23/02/2025,Patrícia
Soja,Fibra,781,464,2025-02-24,24/02/2025,Maria
Café,Bebida,680,441,2025-02-25,25/02/2025,Ricardo
Trigo,Cereal,263,257,2025-02-26,26/02/2025,Pedro
Trigo,Cereal,929,72,sem data,27/02/2025,Ana
Trigo,Grão,258,1,2025-02-28,28/02/2025,Fernanda
Algodão,Bebida,25,318,2025-03-01,01/03/2025,Carlos
Algodão,Fibra,888,484,2025-03-02,02/03/2025,Pedro
Arroz,Fibra,96,77,2025-03-03,03/03/2025,Fernanda
Algodão,Fibra,495,,2025-03-04,04/03/2025,João
Arroz,Bebida,938,35,2025-03-05,05/03/2025,Pedro
Soja,Grão,964,327,sem data,erro,Maria
Soja,Grão,951,215,2025-03-07,07/03/2025,Fernanda
Café,Cereal,indefinido,334,2025-03-08,08/03/2025,Patrícia
Arroz,Grão,239,199,2025-03-09,09/03/2025,Patrícia
Trigo,Grão,indefinido,44,2025-03-10,10/03/2025,Carlos
Milho,Cereal,5,133,2025-03-11,11/03/2025,Patrícia
Milho,Cereal,962,418,2025-03-12,12/03/2025,Maria
Trigo,Fibra,877,,2025-03-13,13/03/2025,Ricardo
Soja,Cereal,167,478,2025-03-14,14/03/2025,Patrícia
Café,Cereal,139,66,sem data,15/03/2025,Fernanda
Milho,Grão,622,82,2025-03-16,16/03/2025,Ricardo
Arroz,Grão,485,47,2025-03-17,17/03/2025,Carlos
Trigo,Bebida,424,24,2025-03-18,18/03/2025,Maria
Trigo,Grão,657,284,2025-03-19,19/03/2025,Maria
Trigo,Cereal,425,272,2025-03-20,20/03/2025,Ricardo
Algodão,Fibra,471,140,2025-03-21,erro,Carlos
Café,Fibra,indefinido,218,2025-03-22,22/03/2025,Maria
Cana-de-açúcar,Grão,754,458,2025-03-23,23/03/2025,Pedro
Café,Grão,799,232,2025-03-24,24/03/2025,João
Cana-de-açúcar,Fibra,737,85,2025-03-25,erro,Maria
Café,Fibra,720,167,2025-03-26,26/03/2025,Patrícia
Soja,Fibra,708,110,2025-03-27,27/03/2025,Ricardo
Soja,Bebida,637,40,2025-03-28,28/03/2025,Maria
Algodão,Cereal,53,419,2025-03-29,erro,João
Café,Grão,792,262,2025-03-30,30/03/2025,Pedro
Algodão,Bebida,857,415,2025-03-31,31/03/2025,Carlos
Milho,Fibra,104,402,2025-04-01,01/04/2025,Fernanda
Cana-de-açúcar,Fibra,258,226,2025-04-02,02/04/2025,Carlos
Milho,Fibra,808,467,2025-04-03,03/04/2025,Carlos
Café,Grão,420,251,sem data,04/04/2025,
Milho,Cereal,782,311,sem data,05/04/2025,Ana
Algodão,Bebida,651,50,2025-04-06,06/04/2025,
Cana-de-açúcar,Fibra,31,317,2025-04-07,07/04/2025,Maria
Arroz,Fibra,139,73,2025-04-08,08/04/2025,Carlos
Soja,Cereal,34,417,sem data,09/04/2025,Fernanda
Arroz,Cereal,870,283,2025-04-10,10/04/2025,Pedro
Trigo,Bebida,238,70,2025-04-11,11/04/2025,Pedro
Algodão,Grão,184,307,2025-04-12,12/04/2025,João
Soja,Grão,839,134,2025-04-13,13/04/2025,Ana
Milho,Grão,608,395,2025-04-14,14/04/2025,Ana
Soja,Cereal,3,163,2025-04-15,15/04/2025,João
Algodão,Bebida,955,316,2025-04-16,16/04/2025,João
Café,Grão,288,490,2025-04-17,17/04/2025,Patrícia
Cana-de-açúcar,Fibra,688,184,2025-04-18,18/04/2025,Pedro
Algodão,Fibra,237,328,2025-04-19,erro,Fernanda
Milho,Fibra,836,473,2025-04-20,20/04/2025,João
Algodão,Cereal,974,36,2025-04-21,21/04/2025,Ana
Algodão,Grão,524,182,2025-04-22,22/04/2025,Pedro
Algodão,Grão,21,187,2025-04-23,23/04/2025,Ana
Trigo,Grão,105,158,2025-04-24,24/04/2025,Fernanda
Soja,Bebida,259,219,2025-04-25,25/04/2025,Pedro
Arroz,Fibra,indefinido,111,2025-04-26,erro,Patrícia
Soja,Bebida,281,39,2025-04-27,27/04/2025,Ana
Cana-de-açúcar,Grão,265,140,2025-04-28,28/04/2025,Ana
Café,Cereal,29,212,2025-04-29,erro,Fernanda
Algodão,Cereal,480,179,2025-04-30,30/04/2025,Fernanda
Trigo,Grão,569,,2025-05-01,01/05/2025,Fernanda
Cana-de-açúcar,Bebida,238,399,2025-05-02,02/05/2025,Maria
Arroz,Fibra,562,142,2025-05-03,03/05/2025,Ricardo
Algodão,Cereal,354,58,2025-05-04,04/05/2025,Ana
Trigo,Cereal,indefinido,211,2025-05-05,erro,Fernanda
Trigo,Fibra,228,383,2025-05-06,06/05/2025,Ricardo
Cana-de-açúcar,Cereal,657,279,sem data,07/05/2025,Pedro
Café,Bebida,761,85,2025-05-08,08/05/2025,Pedro
Arroz,Cereal,196,287,2025-05-09,09/05/2025,Maria
Milho,Bebida,834,296,2025-05-10,10/05/2025,Fernanda
Algodão,Grão,69,480,sem data,11/05/2025,
Café,Grão,995,266,2025-05-12,12/05/2025,Patrícia
Milho,Fibra,288,258,2025-05-13,13/05/2025,Patrícia
Cana-de-açúcar,Grão,48,377,2025-05-14,14/05/2025,João
Milho,Grão,indefinido,484,2025-05-15,15/05/2025,Pedro
Milho,Fibra,597,96,2025-05-16,16/05/2025,Maria
Trigo,Fibra,638,21,2025-05-17,17/05/2025,Ricardo
Cana-de-açúcar,Cereal,indefinido,106,2025-05-18,18/05/2025,Ana
Algodão,Bebida,883,240,2025-05-19,erro,Fernanda
Arroz,Fibra,358,28,2025-05-20,20/05/2025,Carlos
Café,Cereal,indefinido,158,2025-05-21,21/05/2025,Ricardo
Cana-de-açúcar,Cereal,892,380,2025-05-22,22/05/2025,Carlos
Milho,Bebida,67,121,2025-05-23,erro,Carlos
Trigo,Bebida,459,39,2025-05-24,24/05/2025,Patrícia
Trigo,Cereal,612,207,2025-05-25,25/05/2025,João
Cana-de-açúcar,Cereal,576,18,2025-05-26,26/05/2025,João
Trigo,Fibra,522,400,2025-05-27,27/05/2025,Ricardo
Algodão,Grão,331,364,2025-05-28,28/05/2025,Pedro
Trigo,Cereal,140,20,2025-05-29,29/05/2025,Patrícia
Soja,Bebida,988,76,2025-05-30,erro,Ana
Soja,Cereal,866,154,2025-05-31,31/05/2025,João
Milho,Fibra,indefinido,443,2025-06-01,01/06/2025,João
Algodão,Bebida,462,424,2025-06-02,02/06/2025,João
Algodão,Fibra,85,175,2025-06-03,03/06/2025,Patrícia
Milho,Fibra,811,42,2025-06-04,04/06/2025,Ricardo
Cana-de-açúcar,Grão,225,423,2025-06-05,05/06/2025,João
Café,Fibra,693,,2025-06-06,06/06/2025,Maria
Arroz,Cereal,446,273,2025-06-07,07/06/2025,Ana
Cana-de-açúcar,Grão,25,161,2025-06-08,08/06/2025,Maria
Trigo,Bebida,498,348,2025-06-09,09/06/2025,Ana
Milho,Grão,556,230,2025-06-10,10/06/2025,João
Algodão,Fibra,869,384,2025-06-11,11/06/2025,Fernanda
Café,Bebida,10,145,2025-06-12,12/06/2025,João
Cana-de-açúcar,Grão,323,265,sem data,13/06/2025,Ricardo
Cana-de-açúcar,Bebida,370,233,2025-06-14,14/06/2025,Carlos
Milho,Bebida,348,144,sem data,15/06/2025,
Algodão,Grão,647,91,2025-06-16,16/06/2025,Maria
Trigo,Bebida,356,146,sem data,17/06/2025,Patrícia
Cana-de-açúcar,Bebida,100,373,2025-06-18,erro,Ricardo
Trigo,Bebida,560,10,2025-06-19,19/06/2025,Patrícia
Trigo,Grão,914,110,2025-06-20,20/06/2025,João
Café,Cereal,386,191,2025-06-21,21/06/2025,Ana
Milho,Fibra,451,,2025-06-22,22/06/2025,Pedro
Cana-de-açúcar,Grão,988,244,2025-06-23,23/06/2025,Maria
Trigo,Cereal,815,417,sem data,24/06/2025,Ricardo
Algodão,Cereal,897,332,2025-06-25,25/06/2025,Ricardo
Algodão,Grão,88,321,2025-06-26,26/06/2025,Ana
Trigo,Grão,704,22,2025-06-27,27/06/2025,Ana
Trigo,Bebida,617,86,2025-06-28,28/06/2025,João
Milho,Bebida,982,194,sem data,29/06/2025,Fernanda
Trigo,Fibra,867,246,2025-06-30,30/06/2025,Ana
Café,Fibra,indefinido,199,2025-07-01,01/07/2025,Ricardo
Cana-de-açúcar,Bebida,869,444,sem data,02/07/2025,Patrícia
Cana-de-açúcar,Fibra,52,160,2025-07-03,03/07/2025,Patrícia
Café,Fibra,156,35,2025-07-04,04/07/2025,Carlos
Arroz,Bebida,697,211,2025-07-05,05/07/2025,Pedro
Cana-de-açúcar,Fibra,810,75,sem data,06/07/2025,Ricardo
Trigo,Fibra,258,52,sem data,07/07/2025,Fernanda
Trigo,Grão,346,372,2025-07-08,08/07/2025,Ricardo
Cana-de-açúcar,Bebida,728,184,2025-07-09,erro,Ricardo
Algodão,Grão,100,372,sem data,10/07/2025,Ricardo
Soja,Fibra,295,392,2025-07-11,11/07/2025,Ana
Cana-de-açúcar,Bebida,998,,2025-07-12,12/07/2025,Maria
Algodão,Bebida,204,80,2025-07-13,13/07/2025,João
Milho,Grão,206,110,2025-07-14,14/07/2025,João
Arroz,Cereal,829,422,2025-07-15,15/07/2025,Patrícia
Soja,Fibra,420,,2025-07-16,16/07/2025,Ricardo
Soja,Grão,341,93,2025-07-17,erro,Ricardo
Trigo,Grão,618,234,2025-07-18,18/07/2025,João
Soja,Cereal,178,279,2025-07-19,19/07/2025,Patrícia
Arroz,Grão,599,305,2025-07-20,20/07/2025,João
Milho,Bebida,indefinido,191,sem data,21/07/2025,Patrícia
Algodão,Cereal,859,484,2025-07-22,22/07/2025,Ricardo
Algodão,Fibra,249,15,sem data,23/07/2025,Pedro
Cana-de-açúcar,Cereal,23,408,2025-07-24,24/07/2025,Pedro
Trigo,Cereal,200,395,2025-07-25,25/07/2025,
Soja,Fibra,58,79,sem data,26/07/2025,Ana
Arroz,Bebida,24,127,2025-07-27,27/07/2025,Maria
Cana-de-açúcar,Grão,59,241,2025-07-28,28/07/2025,Patrícia
Café,Bebida,257,417,2025-07-29,29/07/2025,Maria
Soja,Bebida,881,142,2025-07-30,30/07/2025,Patrícia
Café,Fibra,702,357,2025-07-31,31/07/2025,Pedro
Arroz,Cereal,606,94,2025-08-01,01/08/2025,Maria
Milho,Bebida,indefinido,314,2025-08-02,02/08/2025,
Cana-de-açúcar,Bebida,953,478,sem data,03/08/2025,Fernanda
Trigo,Grão,474,122,2025-08-04,erro,Carlos
Algodão,Cereal,678,294,2025-08-05,05/08/2025,Patrícia
Arroz,Bebida,indefinido,72,2025-08-06,06/08/2025,João
Milho,Grão,indefinido,315,2025-08-07,07/08/2025,Ana
Milho,Bebida,527,141,2025-08-08,08/08/2025,Patrícia
Café,Cereal,956,130,2025-08-09,09/08/2025,Ana
Soja,Cereal,indefinido,383,2025-08-10,10/08/2025,
Soja,Fibra,992,215,sem data,11/08/2025,Carlos
Soja,Grão,381,87,2025-08-12,12/08/2025,Fernanda
Café,Grão,102,269,2025-08-13,13/08/2025,Patrícia
Milho,Fibra,289,210,sem data,14/08/2025,Maria
Trigo,Cereal,694,128,2025-08-15,15/08/2025,João
Trigo,Grão,indefinido,154,2025-08-16,16/08/2025,Fernanda
Milho,Bebida,21,449,2025-08-17,17/08/2025,Ana
Algodão,Bebida,286,486,2025-08-18,18/08/2025,Patrícia
Algodão,Fibra,472,438,2025-08-19,19/08/2025,Pedro
Soja,Cereal,250,220,2025-08-20,erro,Fernanda
Arroz,Fibra,636,110,2025-08-21,21/08/2025,Ricardo
Café,Grão,795,260,2025-08-22,22/08/2025,Patrícia
Soja,Cereal,585,75,sem data,23/08/2025,
Arroz,Grão,365,228,2025-08-24,erro,Carlos
Cana-de-açúcar,Fibra,367,294,2025-08-25,25/08/2025,Pedro
Trigo,Bebida,559,287,2025-08-26,26/08/2025,João
Café,Fibra,626,256,2025-08-27,27/08/2025,Pedro
Algodão,Bebida,156,315,2025-08-28,28/08/2025,Pedro
Soja,Cereal,indefinido,299,2025-08-29,29/08/2025,Ana
Milho,Grão,999,137,2025-08-30,30/08/2025,Carlos
Cana-de-açúcar,Cereal,330,86,2025-08-31,31/08/2025,João
Cana-de-açúcar,Bebida,774,240,2025-09-01,01/09/2025,Maria
Algodão,Grão,619,,2025-09-02,02/09/2025,Patrícia
Trigo,Bebida,855,462,2025-09-03,03/09/2025,Carlos
Milho,Cereal,453,220,2025-09-04,04/09/2025,Ricardo
Milho,Bebida,927,2,2025-09-05,05/09/2025,Ana
Algodão,Grão,16,412,2025-09-06,06/09/2025,Fernanda
Milho,Fibra,197,326,2025-09-07,07/09/2025,Fernanda
Algodão,Cereal,423,205,2025-09-08,08/09/2025,Fernanda
Café,Bebida,125,458,2025-09-09,09/09/2025,Pedro
Arroz,Grão,966,481,2025-09-10,10/09/2025,Carlos
Soja,Cereal,472,384,2025-09-11,11/09/2025,Ricardo
Algodão,Bebida,indefinido,498,2025-09-12,12/09/2025,Ricardo
Café,Grão,575,13,2025-09-13,13/09/2025,Ricardo
Milho,Cereal,75,107,2025-09-14,14/09/2025,Patrícia
Milho,Grão,270,300,2025-09-15,15/09/2025,Ana
Cana-de-açúcar,Grão,850,429,2025-09-16,16/09/2025,Carlos
Café,Bebida,indefinido,167,2025-09-17,17/09/2025,Pedro
Cana-de-açúcar,Bebida,indefinido,190,2025-09-18,18/09/2025,Maria
Soja,Fibra,indefinido,158,2025-09-19,19/09/2025,Ricardo
Algodão,Grão,850,302,2025-09-20,20/09/2025,Ricardo
Milho,Cereal,314,,sem data,21/09/2025,Maria
Milho,Fibra,921,332,2025-09-22,22/09/2025,Fernanda
Algodão,Fibra,954,394,2025-09-23,erro,Pedro
Milho,Cereal,432,171,2025-09-24,24/09/2025,Pedro
Café,Fibra,927,472,2025-09-25,25/09/2025,Fernanda
Algodão,Cereal,60,,2025-09-26,26/09/2025,João
Arroz,Grão,20,343,2025-09-27,27/09/2025,João
Algodão,Bebida,447,141,2025-09-28,28/09/2025,Carlos
Algodão,Bebida,449,161,2025-09-29,29/09/2025,Fernanda
Milho,Grão,630,215,2025-09-30,30/09/2025,Ana
Algodão,Fibra,540,108,2025-10-01,erro,Maria
Trigo,Bebida,468,72,2025-10-02,02/10/2025,Patrícia
Soja,Bebida,256,112,2025-10-03,03/10/2025,Pedro
Arroz,Fibra,508,235,2025-10-04,04/10/2025,Maria
Cana-de-açúcar,Bebida,719,29,2025-10-05,05/10/2025,Maria
Soja,Fibra,indefinido,320,2025-10-06,erro,Patrícia
Café,Fibra,690,123,2025-10-07,07/10/2025,Ricardo
Soja,Cereal,945,423,2025-10-08,08/10/2025,Ana
Soja,Fibra,764,297,2025-10-09,09/10/2025,Fernanda
Soja,Cereal,237,259,2025-10-10,10/10/2025,Fernanda
Soja,Cereal,indefinido,178,2025-10-11,11/10/2025,Maria
Cana-de-açúcar,Cereal,446,195,2025-10-12,12/10/2025,Ricardo
Café,Grão,814,474,2025-10-13,13/10/2025,Pedro
Café,Fibra,indefinido,383,2025-10-14,14/10/2025,Carlos
Trigo,Grão,989,,sem data,erro,Patrícia
Cana-de-açúcar,Fibra,341,,2025-10-16,16/10/2025,João
Milho,Cereal,845,429,2025-10-17,17/10/2025,Maria
Trigo,Fibra,951,87,2025-10-18,18/10/2025,Maria
Soja,Grão,405,485,2025-10-19,19/10/2025,Ana
Trigo,Grão,615,268,2025-10-20,20/10/2025,Ana
Trigo,Bebida,616,74,2025-10-21,21/10/2025,João
Trigo,Grão,515,457,2025-10-22,22/10/2025,João
Trigo,Bebida,831,136,2025-10-23,23/10/2025,João
Soja,Bebida,indefinido,139,2025-10-24,erro,Maria
Café,Fibra,971,461,2025-10-25,25/10/2025,Ana
Arroz,Bebida,58,125,2025-10-26,26/10/2025,Fernanda
Arroz,Grão,710,66,2025-10-27,27/10/2025,Ricardo
Arroz,Bebida,616,175,2025-10-28,28/10/2025,Ricardo
Arroz,Bebida,305,146,2025-10-29,29/10/2025,Fernanda
Algodão,Cereal,773,162,2025-10-30,30/10/2025,Carlos
Cana-de-açúcar,Cereal,391,259,sem data,31/10/2025,Ricardo
Trigo,Cereal,509,251,2025-11-01,01/11/2025,Patrícia
Cana-de-açúcar,Fibra,577,351,2025-11-02,02/11/2025,Carlos
Trigo,Grão,844,,2025-11-03,03/11/2025,João
Soja,Grão,419,165,2025-11-04,04/11/2025,Ricardo
Arroz,Bebida,286,396,2025-11-05,05/11/2025,Pedro
Milho,Fibra,9,324,2025-11-06,06/11/2025,Carlos
Café,Fibra,901,291,2025-11-07,07/11/2025,Carlos
Soja,Bebida,381,241,2025-11-08,08/11/2025,Ricardo
Arroz,Bebida,469,436,sem data,09/11/2025,Ana
Café,Grão,588,325,2025-11-10,erro,João
Café,Cereal,785,464,2025-11-11,11/11/2025,Carlos
Trigo,Cereal,450,443,2025-11-12,12/11/2025,Ricardo
Trigo,Bebida,271,282,2025-11-13,13/11/2025,Ricardo
Algodão,Bebida,330,218,2025-11-14,14/11/2025,Carlos
Café,Fibra,indefinido,141,2025-11-15,15/11/2025,João
Café,Bebida,570,128,2025-11-16,16/11/2025,João
Algodão,Cereal,623,233,2025-11-17,17/11/2025,Patrícia
Milho,Bebida,890,14,sem data,18/11/2025,Fernanda
Café,Fibra,445,301,2025-11-19,19/11/2025,Fernanda
Trigo,Bebida,indefinido,397,2025-11-20,20/11/2025,João
Trigo,Bebida,588,186,2025-11-21,21/11/2025,Pedro
Algodão,Cereal,817,103,2025-11-22,erro,Fernanda
Cana-de-açúcar,Grão,134,343,2025-11-23,23/11/2025,Ricardo
Café,Bebida,516,22,2025-11-24,24/11/2025,Fernanda
Soja,Cereal,458,4,2025-11-25,25/11/2025,Fernanda
Cana-de-açúcar,Cereal,429,36,2025-11-26,26/11/2025,Ricardo
Soja,Bebida,666,110,2025-11-27,27/11/2025,Maria
Arroz,Fibra,indefinido,371,2025-11-28,28/11/2025,
Algodão,Fibra,396,492,2025-11-29,29/11/2025,Carlos
Algodão,Cereal,947,301,2025-11-30,30/11/2025,
Cana-de-açúcar,Fibra,618,82,2025-12-01,01/12/2025,Pedro
Arroz,Fibra,332,395,2025-12-02,02/12/2025,Fernanda
Trigo,Bebida,537,123,2025-12-03,03/12/2025,Ricardo
Café,Fibra,556,132,sem data,04/12/2025,
Arroz,Bebida,775,301,2025-12-05,05/12/2025,Ricardo
Trigo,Grão,315,440,2025-12-06,06/12/2025,João
Soja,Cereal,751,192,2025-12-07,07/12/2025,Maria
Arroz,Cereal,49,240,2025-12-08,erro,Ricardo
Algodão,Fibra,409,220,2025-12-09,09/12/2025,Ana
Trigo,Grão,607,361,2025-12-10,10/12/2025,
Arroz,Fibra,670,125,2025-12-11,11/12/2025,Patrícia
Algodão,Cereal,652,353,2025-12-12,12/12/2025,Carlos
Algodão,Grão,437,150,2025-12-13,13/12/2025,Fernanda
Arroz,Fibra,627,383,2025-12-14,14/12/2025,Pedro
Café,Grão,107,76,2025-12-15,erro,Patrícia
Arroz,Cereal,766,36,2025-12-16,16/12/2025,João
Algodão,Cereal,833,158,2025-12-17,17/12/2025,Patrícia
Arroz,Cereal,797,460,2025-12-18,18/12/2025,Ana
Milho,Bebida,31,118,2025-12-19,19/12/2025,Ana
Café,Bebida,398,66,2025-12-20,20/12/2025,Maria
Soja,Fibra,622,345,2025-12-21,erro,Carlos
Trigo,Fibra,548,410,2025-12-22,22/12/2025,João
Arroz,Bebida,671,,2025-12-23,23/12/2025,
Café,Cereal,790,369,2025-12-24,24/12/2025,Ricardo
Milho,Grão,991,39,2025-12-25,25/12/2025,Pedro
Algodão,Fibra,250,27,2025-12-26,26/12/2025,Ricardo
Café,Bebida,612,17,2025-12-27,27/12/2025,Maria
Soja,Cereal,341,472,2025-12-28,28/12/2025,Patrícia
Cana-de-açúcar,Bebida,446,483,sem data,29/12/2025,Fernanda
Milho,Fibra,618,414,sem data,30/12/2025,Patrícia
Soja,Grão,397,20,2025-12-31,31/12/2025,Ricardo
Milho,Fibra,283,374,sem data,erro,Ricardo
Arroz,Fibra,968,369,2026-01-02,02/01/2026,Fernanda
Cana-de-açúcar,Bebida,41,59,2026-01-03,03/01/2026,João
Café,Bebida,643,,2026-01-04,04/01/2026,Carlos
Cana-de-açúcar,Bebida,936,167,2026-01-05,05/01/2026,Ricardo
Soja,Grão,636,105,2026-01-06,06/01/2026,Patrícia
Algodão,Fibra,483,,2026-01-07,07/01/2026,Ana
Soja,Cereal,97,303,2026-01-08,erro,Maria
Trigo,Grão,261,129,2026-01-09,09/01/2026,Fernanda
Arroz,Grão,899,120,2026-01-10,10/01/2026,Fernanda
Algodão,Bebida,49,109,2026-01-11,11/01/2026,Ana
Soja,Grão,578,245,2026-01-12,12/01/2026,João
Soja,Cereal,918,,2026-01-13,13/01/2026,Ana
Trigo,Bebida,676,172,2026-01-14,14/01/2026,Ricardo
Milho,Cereal,244,,2026-01-15,15/01/2026,Ricardo
Arroz,Bebida,848,,2026-01-16,16/01/2026,Maria
Milho,Bebida,666,129,2026-01-17,17/01/2026,Pedro
Algodão,Fibra,40,60,2026-01-18,18/01/2026,Ana
Arroz,Grão,443,465,2026-01-19,19/01/2026,Fernanda
Milho,Fibra,498,444,2026-01-20,20/01/2026,Carlos
Trigo,Cereal,indefinido,14,2026-01-21,21/01/2026,
Algodão,Fibra,816,319,2026-01-22,22/01/2026,Maria
Café,Fibra,799,339,sem data,23/01/2026,Ana
Café,Bebida,24,258,2026-01-24,24/01/2026,João
Trigo,Fibra,36,92,2026-01-25,25/01/2026,Maria
Café,Bebida,182,266,2026-01-26,26/01/2026,Maria
Soja,Cereal,674,88,2026-01-27,27/01/2026,
Cana-de-açúcar,Grão,823,408,2026-01-28,28/01/2026,Ricardo
Café,Grão,indefinido,76,2026-01-29,29/01/2026,
Cana-de-açúcar,Fibra,896,131,2026-01-30,30/01/2026,Pedro
Café,Bebida,940,389,2026-01-31,31/01/2026,Ana
Milho,Cereal,825,260,sem data,01/02/2026,João
Cana-de-açúcar,Grão,102,471,2026-02-02,02/02/2026,Ana
Arroz,Cereal,673,198,sem data,03/02/2026,Pedro
Trigo,Fibra,160,378,2026-02-04,04/02/2026,Carlos
Trigo,Bebida,691,,2026-02-05,05/02/2026,Pedro
Café,Grão,976,365,2026-02-06,06/02/2026,
Soja,Bebida,760,166,2026-02-07,07/02/2026,Fernanda
Café,Grão,80,226,2026-02-08,08/02/2026,Patrícia
Milho,Bebida,991,338,2026-02-09,09/02/2026,Patrícia
Arroz,Bebida,132,276,2026-02-10,10/02/2026,Ana
Trigo,Bebida,619,412,2026-02-11,11/02/2026,
Milho,Grão,756,8,2026-02-12,12/02/2026,Patrícia
Algodão,Bebida,781,,2026-02-13,13/02/2026,Patrícia
Arroz,Fibra,439,310,2026-02-14,14/02/2026,Maria
Arroz,Cereal,200,314,2026-02-15,15/02/2026,Carlos
Soja,Grão,528,133,2026-02-16,16/02/2026,Carlos
Milho,Cereal,404,399,2026-02-17,17/02/2026,Patrícia
Algodão,Bebida,295,56,2026-02-18,18/02/2026,Carlos
Trigo,Grão,719,430,2026-02-19,19/02/2026,Maria
Trigo,Cereal,519,467,2026-02-20,erro,Patrícia
Trigo,Bebida,39,80,2026-02-21,21/02/2026,Ana
Soja,Cereal,573,315,2026-02-22,erro,Maria
Café,Fibra,indefinido,324,2026-02-23,23/02/2026,Patrícia
Soja,Bebida,119,403,sem data,24/02/2026,Ricardo
Cana-de-açúcar,Cereal,indefinido,39,2026-02-25,25/02/2026,Fernanda
Arroz,Fibra,401,408,2026-02-26,26/02/2026,Carlos
Algodão,Bebida,572,117,sem data,27/02/2026,Pedro
Milho,Bebida,306,27,2026-02-28,28/02/2026,Maria
Milho,Bebida,495,166,2026-03-01,01/03/2026,João
Algodão,Fibra,99,394,2026-03-02,02/03/2026,Pedro
Trigo,Grão,978,265,2026-03-03,03/03/2026,Fernanda
Trigo,Grão,586,464,2026-03-04,04/03/2026,João
Café,Grão,308,96,2026-03-05,05/03/2026,Carlos
Milho,Cereal,65,,2026-03-06,06/03/2026,
Trigo,Fibra,208,229,2026-03-07,07/03/2026,João
Arroz,Grão,indefinido,263,2026-03-08,08/03/2026,Fernanda
Café,Fibra,592,47,2026-03-09,erro,Ricardo
Arroz,Cereal,517,234,2026-03-10,10/03/2026,Ricardo
Arroz,Fibra,454,359,2026-03-11,erro,
Milho,Bebida,114,383,2026-03-12,erro,Carlos
Trigo,Bebida,760,219,2026-03-13,erro,Fernanda
Algodão,Cereal,90,193,sem data,14/03/2026,Ricardo
Milho,Fibra,248,241,2026-03-15,15/03/2026,Maria
Arroz,Grão,217,159,2026-03-16,16/03/2026,Fernanda
Milho,Grão,895,128,2026-03-17,17/03/2026,Ana
Soja,Bebida,316,75,2026-03-18,18/03/2026,Ana
Cana-de-açúcar,Grão,657,42,2026-03-19,19/03/2026,Patrícia
Algodão,Grão,780,417,2026-03-20,20/03/2026,Carlos
Algodão,Grão,indefinido,129,2026-03-21,21/03/2026,Patrícia
Trigo,Fibra,680,324,2026-03-22,22/03/2026,Maria
Cana-de-açúcar,Bebida,357,358,sem data,23/03/2026,Ricardo
Trigo,Fibra,35,76,2026-03-24,24/03/2026,Pedro
Algodão,Grão,915,14,2026-03-25,erro,Carlos
Cana-de-açúcar,Fibra,622,275,2026-03-26,26/03/2026,
Cana-de-açúcar,Fibra,527,425,2026-03-27,27/03/2026,Pedro
Milho,Grão,754,106,2026-03-28,28/03/2026,
Trigo,Cereal,235,31,2026-03-29,29/03/2026,Maria
Milho,Cereal,862,114,2026-03-30,30/03/2026,Carlos
Algodão,Cereal,378,58,2026-03-31,31/03/2026,Maria
Cana-de-açúcar,Cereal,331,264,2026-04-01,01/04/2026,João
Milho,Fibra,693,210,2026-04-02,erro,João
Cana-de-açúcar,Cereal,780,321,2026-04-03,03/04/2026,Ana
Cana-de-açúcar,Bebida,404,457,2026-04-04,erro,João
Cana-de-açúcar,Bebida,686,148,2026-04-05,05/04/2026,João
Cana-de-açúcar,Cereal,143,21,2026-04-06,06/04/2026,Ricardo
Café,Fibra,158,284,2026-04-07,07/04/2026,Maria
Milho,Bebida,262,403,2026-04-08,08/04/2026,Ana
Soja,Bebida,792,375,2026-04-09,09/04/2026,João
Milho,Bebida,379,132,sem data,10/04/2026,Ana
Cana-de-açúcar,Fibra,331,28,2026-04-11,11/04/2026,Maria
Milho,Cereal,139,308,2026-04-12,erro,Ana
Soja,Cereal,756,282,2026-04-13,13/04/2026,Maria
Algodão,Fibra,164,29,2026-04-14,14/04/2026,Patrícia
Soja,Fibra,336,226,2026-04-15,erro,Maria
Algodão,Grão,376,234,2026-04-16,16/04/2026,Ricardo
Trigo,Cereal,323,,2026-04-17,17/04/2026,João
Cana-de-açúcar,Grão,365,258,2026-04-18,18/04/2026,Maria
Arroz,Grão,132,77,2026-04-19,19/04/2026,Ricardo
Cana-de-açúcar,Bebida,78,75,2026-04-20,20/04/2026,Maria
Arroz,Grão,262,258,2026-04-21,21/04/2026,Maria
Trigo,Cereal,276,220,2026-04-22,22/04/2026,Maria
Algodão,Grão,indefinido,115,2026-04-23,23/04/2026,Fernanda
Trigo,Bebida,60,189,sem data,24/04/2026,Carlos
Milho,Cereal,767,156,2026-04-25,erro,João
Algodão,Cereal,indefinido,323,2026-04-26,26/04/2026,Maria
Trigo,Fibra,386,327,sem data,27/04/2026,Ricardo
Soja,Grão,318,,2026-04-28,28/04/2026,Ricardo
Arroz,Cereal,455,289,2026-04-29,29/04/2026,João
Algodão,Bebida,371,,2026-04-30,30/04/2026,Ricardo
Soja,Bebida,514,54,2026-05-01,01/05/2026,Carlos
Milho,Fibra,748,285,2026-05-02,erro,Ricardo
Cana-de-açúcar,Bebida,784,31,2026-05-03,03/05/2026,
Algodão,Cereal,indefinido,400,2026-05-04,04/05/2026,Carlos
Arroz,Bebida,803,,2026-05-05,05/05/2026,
Soja,Grão,879,147,2026-05-06,06/05/2026,Maria
Café,Grão,88,347,2026-05-07,07/05/2026,Maria
Algodão,Cereal,319,118,2026-05-08,08/05/2026,Fernanda
Trigo,Fibra,111,209,2026-05-09,09/05/2026,Pedro
Trigo,Grão,367,,2026-05-10,10/05/2026,
Soja,Fibra,846,387,sem data,11/05/2026,Ricardo
Cana-de-açúcar,Grão,200,,2026-05-12,12/05/2026,Patrícia
Cana-de-açúcar,Grão,128,,2026-05-13,13/05/2026,João
Arroz,Grão,928,406,2026-05-14,14/05/2026,Fernanda
Arroz,Fibra,580,458,2026-05-15,15/05/2026,Maria
Café,Fibra,103,389,2026-05-16,16/05/2026,João
Cana-de-açúcar,Grão,205,249,2026-05-17,17/05/2026,João
Algodão,Cereal,434,435,2026-05-18,18/05/2026,Maria
Algodão,Cereal,20,42,2026-05-19,19/05/2026,
Algodão,Fibra,196,448,2026-05-20,20/05/2026,Fernanda
Algodão,Grão,517,208,2026-05-21,21/05/2026,João
Algodão,Bebida,242,16,2026-05-22,22/05/2026,Maria
Algodão,Fibra,230,108,2026-05-23,23/05/2026,Ricardo
Arroz,Grão,235,385,2026-05-24,24/05/2026,Patrícia
Café,Fibra,26,435,2026-05-25,25/05/2026,Fernanda
Trigo,Grão,89,334,2026-05-26,26/05/2026,Maria
Milho,Grão,934,320,2026-05-27,27/05/2026,Maria
Soja,Grão,600,449,2026-05-28,erro,João
Café,Bebida,379,69,2026-05-29,29/05/2026,Maria
Cana-de-açúcar,Fibra,638,1,sem data,30/05/2026,Pedro
Soja,Grão,437,313,2026-05-31,31/05/2026,Carlos
Trigo,Grão,281,394,2026-06-01,01/06/2026,Ana
Trigo,Cereal,52,235,2026-06-02,02/06/2026,Patrícia
Algodão,Bebida,45,425,2026-06-03,03/06/2026,Pedro
Cana-de-açúcar,Grão,214,231,sem data,04/06/2026,João
Arroz,Grão,indefinido,345,2026-06-05,05/06/2026,
Milho,Fibra,855,272,2026-06-06,06/06/2026,Ricardo
Soja,Bebida,724,248,2026-06-07,07/06/2026,Fernanda
Milho,Fibra,496,70,2026-06-08,08/06/2026,Fernanda
Trigo,Grão,180,,2026-06-09,09/06/2026,
Cana-de-açúcar,Grão,726,401,2026-06-10,10/06/2026,João
Arroz,Bebida,769,40,2026-06-11,erro,Ana
Café,Fibra,845,361,2026-06-12,12/06/2026,Ricardo
Algodão,Bebida,894,,2026-06-13,13/06/2026,Pedro
Soja,Grão,872,367,2026-06-14,14/06/2026,Ricardo
Milho,Cereal,89,165,2026-06-15,erro,Patrícia
Algodão,Cereal,633,306,sem data,16/06/2026,Carlos
Trigo,Bebida,337,238,2026-06-17,17/06/2026,Maria
Cana-de-açúcar,Bebida,98,275,2026-06-18,erro,João
Cana-de-açúcar,Cereal,801,83,2026-06-19,19/06/2026,Fernanda
Arroz,Bebida,347,26,2026-06-20,20/06/2026,Ricardo
Soja,Grão,873,12,2026-06-21,21/06/2026,
Cana-de-açúcar,Bebida,451,10,2026-06-22,22/06/2026,João
Trigo,Cereal,909,,2026-06-23,23/06/2026,Patrícia
Trigo,Cereal,653,38,2026-06-24,24/06/2026,
Arroz,Grão,722,239,2026-06-25,erro,Pedro
Trigo,Grão,504,229,2026-06-26,26/06/2026,Fernanda
Cana-de-açúcar,Bebida,954,37,2026-06-27,27/06/2026,Fernanda
Trigo,Grão,531,378,2026-06-28,28/06/2026,
Algodão,Bebida,indefinido,162,sem data,29/06/2026,Pedro
Trigo,Fibra,691,203,2026-06-30,30/06/2026,Pedro
Cana-de-açúcar,Bebida,511,459,2026-07-01,01/07/2026,Pedro
Cana-de-açúcar,Bebida,305,479,2026-07-02,02/07/2026,Pedro
Trigo,Fibra,indefinido,215,2026-07-03,03/07/2026,Fernanda
Café,Fibra,589,83,sem data,04/07/2026,Fernanda
Milho,Grão,244,216,sem data,05/07/2026,Ana
Arroz,Cereal,16,396,2026-07-06,06/07/2026,Maria
Soja,Bebida,809,407,sem data,07/07/2026,
Cana-de-açúcar,Bebida,89,92,2026-07-08,erro,João
Café,Grão,976,7,2026-07-09,09/07/2026,Ricardo
Milho,Cereal,923,299,2026-07-10,erro,João
Café,Grão,749,24,2026-07-11,11/07/2026,Patrícia
Cana-de-açúcar,Cereal,609,264,sem data,12/07/2026,Maria
Cana-de-açúcar,Fibra,939,299,2026-07-13,13/07/2026,
Soja,Cereal,304,350,2026-07-14,14/07/2026,Fernanda
Café,Fibra,113,9,2026-07-15,15/07/2026,Fernanda
Arroz,Grão,858,125,2026-07-16,16/07/2026,Pedro
Milho,Bebida,307,320,2026-07-17,17/07/2026,Ana
Cana-de-açúcar,Grão,362,119,2026-07-18,18/07/2026,Patrícia
Algodão,Grão,indefinido,103,2026-07-19,19/07/2026,Carlos
Algodão,Grão,530,,2026-07-20,20/07/2026,Ana
Soja,Grão,650,49,2026-07-21,21/07/2026,Ricardo
Algodão,Grão,678,445,sem data,22/07/2026,Carlos
Trigo,Bebida,339,439,2026-07-23,23/07/2026,Fernanda
Arroz,Grão,620,270,2026-07-24,24/07/2026,Ricardo
Milho,Bebida,469,,2026-07-25,25/07/2026,Pedro
Trigo,Grão,952,89,2026-07-26,26/07/2026,Patrícia
Café,Fibra,894,463,2026-07-27,27/07/2026,Pedro
Trigo,Grão,439,159,2026-07-28,28/07/2026,Carlos
Arroz,Cereal,255,462,2026-07-29,29/07/2026,Carlos
Milho,Fibra,937,238,2026-07-30,30/07/2026,Pedro
Arroz,Cereal,57,215,2026-07-31,31/07/2026,João
Soja,Grão,583,113,2026-08-01,01/08/2026,João
Milho,Fibra,97,332,2026-08-02,02/08/2026,Fernanda
Arroz,Fibra,688,412,2026-08-03,03/08/2026,Fernanda
Algodão,Cereal,577,314,2026-08-04,04/08/2026,Maria
Cana-de-açúcar,Fibra,133,108,2026-08-05,05/08/2026,Maria
Cana-de-açúcar,Cereal,610,,2026-08-06,06/08/2026,Carlos
Café,Cereal,105,200,2026-08-07,07/08/2026,Ana
Milho,Bebida,494,471,2026-08-08,08/08/2026,Pedro
Algodão,Fibra,264,246,2026-08-09,09/08/2026,João
Milho,Fibra,627,338,2026-08-10,10/08/2026,
Algodão,Grão,729,353,2026-08-11,11/08/2026,
Soja,Fibra,217,56,2026-08-12,12/08/2026,Fernanda
Arroz,Bebida,732,106,2026-08-13,13/08/2026,Pedro
Milho,Cereal,535,288,2026-08-14,14/08/2026,Pedro
Trigo,Cereal,814,302,2026-08-15,15/08/2026,Carlos
Algodão,Fibra,362,499,2026-08-16,16/08/2026,Fernanda
Trigo,Fibra,549,159,2026-08-17,17/08/2026,Carlos
Soja,Cereal,607,105,2026-08-18,18/08/2026,Patrícia
Cana-de-açúcar,Bebida,772,383,2026-08-19,19/08/2026,Fernanda
Algodão,Cereal,934,,2026-08-20,20/08/2026,Patrícia
Trigo,Grão,250,249,2026-08-21,erro,Fernanda
Cana-de-açúcar,Fibra,indefinido,250,2026-08-22,22/08/2026,Carlos
Café,Fibra,521,188,2026-08-23,erro,Fernanda
Arroz,Bebida,47,237,2026-08-24,24/08/2026,Fernanda
Soja,Fibra,492,269,2026-08-25,25/08/2026,Ricardo
Soja,Cereal,66,,2026-08-26,erro,Maria
Arroz,Grão,322,186,2026-08-27,27/08/2026,Pedro
Soja,Bebida,14,379,2026-08-28,28/08/2026,Pedro
Soja,Bebida,indefinido,193,2026-08-29,29/08/2026,Patrícia
Café,Grão,7,476,2026-08-30,30/08/2026,Ana
Algodão,Cereal,924,253,2026-08-31,31/08/2026,Ana
Café,Grão,860,271,2026-09-01,01/09/2026,
Arroz,Grão,746,130,sem data,02/09/2026,Fernanda
Milho,Cereal,745,481,2026-09-03,03/09/2026,Patrícia
Trigo,Cereal,248,,sem data,04/09/2026,Carlos
Cana-de-açúcar,Fibra,317,7,2026-09-05,05/09/2026,Ricardo
Milho,Fibra,659,184,2026-09-06,06/09/2026,Pedro
Algodão,Bebida,267,72,2026-09-07,07/09/2026,Carlos
Cana-de-açúcar,Cereal,638,128,2026-09-08,08/09/2026,Pedro
Soja,Fibra,indefinido,292,2026-09-09,09/09/2026,Maria
Milho,Bebida,459,76,2026-09-10,10/09/2026,Ana
Milho,Grão,407,96,sem data,11/09/2026,
Café,Cereal,116,48,2026-09-12,12/09/2026,Ana
Arroz,Fibra,944,76,2026-09-13,erro,
Algodão,Cereal,871,292,2026-09-14,14/09/2026,Fernanda
Café,Cereal,117,188,2026-09-15,15/09/2026,Fernanda
Trigo,Fibra,indefinido,335,2026-09-16,16/09/2026,Fernanda
Café,Fibra,275,,2026-09-17,erro,Fernanda
Café,Grão,371,362,2026-09-18,18/09/2026,Fernanda
Milho,Fibra,132,,2026-09-19,19/09/2026,Patrícia
Milho,Grão,indefinido,314,2026-09-20,20/09/2026,Ricardo
Trigo,Fibra,828,246,2026-09-21,21/09/2026,Pedro
Milho,Fibra,918,260,2026-09-22,22/09/2026,Ricardo
Trigo,Fibra,97,258,2026-09-23,23/09/2026,Ricardo
Milho,Bebida,728,206,sem data,24/09/2026,Ana
Trigo,Fibra,565,,2026-09-25,25/09/2026,Patrícia
Soja,Bebida,223,,2026-09-26,26/09/2026,Ricardo
Milho,Cereal,243,200,2026-09-27,27/09/2026,Fernanda
Algodão,Cereal,405,313,2026-09-28,28/09/2026,Maria
Trigo,Bebida,11,476,2026-09-29,29/09/2026,Carlos
Arroz,Bebida,663,336,2026-09-30,30/09/2026,João
Trigo,Cereal,203,152,2026-10-01,erro,Pedro
Cana-de-açúcar,Grão,502,350,sem data,02/10/2026,Ricardo
Algodão,Fibra,357,146,2026-10-03,03/10/2026,Fernanda
Milho,Cereal,659,268,2026-10-04,04/10/2026,Pedro
Milho,Grão,761,446,2026-10-05,05/10/2026,Fernanda
Soja,Fibra,63,342,sem data,06/10/2026,Carlos
Arroz,Grão,indefinido,197,2026-10-07,07/10/2026,Fernanda
Trigo,Bebida,49,221,2026-10-08,08/10/2026,Patrícia
Café,Bebida,549,362,2026-10-09,09/10/2026,Carlos
Milho,Fibra,433,396,2026-10-10,10/10/2026,
Soja,Grão,119,180,2026-10-11,11/10/2026,Ricardo
Trigo,Fibra,68,107,2026-10-12,12/10/2026,
Soja,Cereal,104,,2026-10-13,13/10/2026,Ricardo
Café,Fibra,799,405,2026-10-14,erro,Patrícia
Trigo,Bebida,322,431,2026-10-15,15/10/2026,Ricardo
Algodão,Bebida,301,121,2026-10-16,16/10/2026,Maria
Cana-de-açúcar,Grão,738,247,2026-10-17,17/10/2026,Carlos
Soja,Bebida,309,403,sem data,18/10/2026,Carlos
Algodão,Cereal,835,27,2026-10-19,erro,Carlos
Café,Grão,24,197,sem data,20/10/2026,Carlos
Algodão,Bebida,953,331,2026-10-21,21/10/2026,Fernanda
Algodão,Cereal,300,276,2026-10-22,22/10/2026,Maria
Algodão,Cereal,904,442,sem data,23/10/2026,
Soja,Fibra,445,290,2026-10-24,24/10/2026,Ana
Algodão,Bebida,355,98,2026-10-25,25/10/2026,Pedro
Arroz,Fibra,indefinido,332,2026-10-26,26/10/2026,Fernanda
Soja,Fibra,382,373,2026-10-27,27/10/2026,Patrícia
Arroz,Grão,41,278,2026-10-28,28/10/2026,Ana
Soja,Fibra,indefinido,253,2026-10-29,29/10/2026,João
Milho,Grão,189,496,2026-10-30,30/10/2026,Ana
Café,Bebida,527,253,2026-10-31,erro,Ricardo
Milho,Grão,756,463,sem data,01/11/2026,João
Milho,Fibra,indefinido,421,2026-11-02,erro,Patrícia
Milho,Fibra,221,264,sem data,03/11/2026,Pedro
Trigo,Bebida,821,364,2026-11-04,04/11/2026,Patrícia
Algodão,Grão,689,344,2026-11-05,05/11/2026,Maria
Arroz,Fibra,826,477,2026-11-06,06/11/2026,João
Arroz,Bebida,472,262,sem data,07/11/2026,Fernanda
Arroz,Grão,306,292,2026-11-08,08/11/2026,Maria
Milho,Cereal,401,38,2026-11-09,erro,Patrícia
Milho,Cereal,932,485,2026-11-10,10/11/2026,Maria
Trigo,Fibra,201,92,2026-11-11,11/11/2026,Pedro
Algodão,Fibra,422,180,2026-11-12,12/11/2026,João
Cana-de-açúcar,Cereal,950,269,2026-11-13,13/11/2026,
Milho,Bebida,707,205,2026-11-14,14/11/2026,Patrícia
Cana-de-açúcar,Bebida,535,233,2026-11-15,15/11/2026,Ana
Algodão,Cereal,977,100,2026-11-16,16/11/2026,Maria
Trigo,Bebida,486,64,2026-11-17,17/11/2026,
Arroz,Bebida,474,478,2026-11-18,18/11/2026,Carlos
Café,Fibra,622,226,2026-11-19,19/11/2026,Maria
Algodão,Grão,292,163,2026-11-20,20/11/2026,
Arroz,Fibra,773,113,2026-11-21,21/11/2026,
Café,Bebida,447,183,2026-11-22,22/11/2026,Fernanda
Arroz,Cereal,780,424,2026-11-23,23/11/2026,Ricardo
Soja,Bebida,149,275,2026-11-24,24/11/2026,Ricardo
Arroz,Grão,indefinido,74,2026-11-25,25/11/2026,
Arroz,Bebida,739,361,2026-11-26,26/11/2026,João
Milho,Bebida,357,304,2026-11-27,27/11/2026,Pedro
Arroz,Bebida,803,18,2026-11-28,erro,Fernanda
Milho,Bebida,82,485,2026-11-29,29/11/2026,Maria
Soja,Bebida,657,413,2026-11-30,erro,Ricardo
Arroz,Grão,824,401,2026-12-01,01/12/2026,João
Milho,Cereal,774,121,2026-12-02,erro,João
Algodão,Bebida,554,167,2026-12-03,03/12/2026,Carlos
Café,Cereal,623,188,2026-12-04,04/12/2026,Carlos
Algodão,Grão,indefinido,462,2026-12-05,05/12/2026,Ricardo
Trigo,Bebida,930,72,2026-12-06,06/12/2026,Ana
Milho,Fibra,390,159,sem data,07/12/2026,Fernanda
Soja,Bebida,584,102,2026-12-08,08/12/2026,João
Algodão,Cereal,642,45,2026-12-09,09/12/2026,Pedro
Trigo,Bebida,19,418,2026-12-10,10/12/2026,Patrícia
Algodão,Fibra,602,108,2026-12-11,11/12/2026,Patrícia
Soja,Cereal,496,258,2026-12-12,12/12/2026,Pedro
Arroz,Grão,851,131,2026-12-13,13/12/2026,João
Cana-de-açúcar,Cereal,726,192,2026-12-14,14/12/2026,João
Café,Cereal,514,2,2026-12-15,15/12/2026,Pedro
Arroz,Grão,266,49,2026-12-16,16/12/2026,Fernanda
Cana-de-açúcar,Cereal,249,91,2026-12-17,17/12/2026,João
Soja,Grão,indefinido,54,2026-12-18,18/12/2026,Ana
Algodão,Cereal,598,13,2026-12-19,19/12/2026,Carlos
Algodão,Grão,957,,2026-12-20,20/12/2026,Patrícia
Algodão,Bebida,508,,2026-12-21,21/12/2026,João
Algodão,Grão,289,234,2026-12-22,22/12/2026,Ana
Cana-de-açúcar,Fibra,793,425,2026-12-23,23/12/2026,Carlos
Algodão,Fibra,389,353,2026-12-24,24/12/2026,Patrícia
Trigo,Bebida,844,356,2026-12-25,25/12/2026,João
Arroz,Cereal,815,301,2026-12-26,26/12/2026,Maria
Cana-de-açúcar,Grão,558,57,2026-12-27,27/12/2026,Patrícia
Arroz,Fibra,947,435,2026-12-28,28/12/2026,Patrícia
Soja,Cereal,838,280,2026-12-29,29/12/2026,Fernanda
Soja,Cereal,260,479,2026-12-30,30/12/2026,Ana
Arroz,Cereal,770,,2026-12-31,31/12/2026,Carlos
Milho,Cereal,820,108,2027-01-01,01/01/2027,Carlos
Algodão,Grão,593,272,2027-01-02,02/01/2027,Ricardo
Cana-de-açúcar,Grão,245,150,2027-01-03,03/01/2027,Maria
Trigo,Bebida,665,243,2027-01-04,04/01/2027,Ricardo
Café,Cereal,364,470,2027-01-05,05/01/2027,Patrícia
Algodão,Bebida,274,183,2027-01-06,06/01/2027,Fernanda
Trigo,Grão,334,491,2027-01-07,07/01/2027,Ricardo
Trigo,Fibra,indefinido,168,2027-01-08,08/01/2027,Carlos
Algodão,Cereal,indefinido,259,2027-01-09,09/01/2027,Ana
Café,Fibra,380,198,2027-01-10,10/01/2027,Patrícia
Cana-de-açúcar,Fibra,954,20,2027-01-11,11/01/2027,
Soja,Cereal,716,469,2027-01-12,12/01/2027,Ana
Trigo,Grão,233,495,2027-01-13,13/01/2027,Ricardo
Café,Bebida,811,11,2027-01-14,14/01/2027,
Algodão,Bebida,190,423,2027-01-15,15/01/2027,Carlos
Soja,Bebida,182,273,2027-01-16,16/01/2027,Pedro
Soja,Bebida,487,139,2027-01-17,17/01/2027,Carlos
Cana-de-açúcar,Cereal,389,109,2027-01-18,18/01/2027,Maria
Milho,Grão,171,380,2027-01-19,19/01/2027,Patrícia
Café,Fibra,360,198,2027-01-20,20/01/2027,Maria
Algodão,Cereal,indefinido,118,2027-01-21,21/01/2027,Pedro
Algodão,Bebida,577,53,2027-01-22,22/01/2027,João
Trigo,Cereal,461,93,2027-01-23,23/01/2027,Maria
Arroz,Bebida,656,187,2027-01-24,24/01/2027,Maria
Café,Fibra,391,417,2027-01-25,erro,Fernanda
Soja,Fibra,661,451,sem data,26/01/2027,Pedro
Algodão,Bebida,912,142,2027-01-27,27/01/2027,Ricardo
Soja,Cereal,833,249,2027-01-28,28/01/2027,Patrícia
Cana-de-açúcar,Cereal,469,310,2027-01-29,29/01/2027,Ricardo
Milho,Bebida,217,247,2027-01-30,30/01/2027,João
Café,Cereal,indefinido,357,2027-01-31,31/01/2027,Ricardo
Soja,Grão,636,362,2027-02-01,01/02/2027,Ricardo
Trigo,Grão,179,375,2027-02-02,02/02/2027,Ana
Trigo,Bebida,354,,2027-02-03,03/02/2027,João
Trigo,Fibra,241,399,2027-02-04,04/02/2027,Patrícia
Algodão,Cereal,754,,2027-02-05,05/02/2027,Pedro
Milho,Fibra,419,238,2027-02-06,06/02/2027,Patrícia
Trigo,Cereal,121,376,2027-02-07,07/02/2027,Fernanda
Café,Cereal,786,221,2027-02-08,08/02/2027,João
Cana-de-açúcar,Cereal,383,486,2027-02-09,erro,
Arroz,Fibra,279,140,2027-02-10,10/02/2027,Pedro
Trigo,Fibra,965,24,2027-02-11,11/02/2027,Patrícia
Algodão,Cereal,960,343,2027-02-12,12/02/2027,Ana
Arroz,Cereal,243,322,2027-02-13,13/02/2027,Pedro
Milho,Cereal,indefinido,174,sem data,14/02/2027,Carlos
Arroz,Fibra,530,,2027-02-15,15/02/2027,Carlos
Café,Fibra,210,36,2027-02-16,16/02/2027,Ana
Café,Cereal,752,,2027-02-17,17/02/2027,Carlos
Arroz,Grão,568,311,2027-02-18,18/02/2027,Pedro
Trigo,Cereal,540,244,2027-02-19,19/02/2027,Fernanda
Soja,Bebida,84,95,2027-02-20,20/02/2027,Ana
Soja,Grão,334,320,2027-02-21,21/02/2027,Carlos
Trigo,Fibra,645,429,2027-02-22,22/02/2027,Ana
Trigo,Bebida,indefinido,472,2027-02-23,23/02/2027,Ricardo
Cana-de-açúcar,Fibra,547,286,2027-02-24,24/02/2027,Carlos
Trigo,Grão,141,213,2027-02-25,25/02/2027,Ricardo
Cana-de-açúcar,Cereal,669,349,2027-02-26,26/02/2027,João
Arroz,Fibra,768,461,2027-02-27,27/02/2027,João
Café,Grão,559,445,2027-02-28,28/02/2027,Patrícia
Cana-de-açúcar,Cereal,331,354,2027-03-01,01/03/2027,Fernanda
Café,Cereal,indefinido,223,2027-03-02,02/03/2027,Maria
Cana-de-açúcar,Cereal,549,17,2027-03-03,03/03/2027,Patrícia
Soja,Bebida,857,260,2027-03-04,04/03/2027,João
Milho,Bebida,184,188,2027-03-05,05/03/2027,Fernanda
Café,Cereal,61,380,sem data,06/03/2027,
Trigo,Fibra,24,358,2027-03-07,07/03/2027,João
Soja,Grão,353,,2027-03-08,08/03/2027,Fernanda
Milho,Grão,284,490,2027-03-09,09/03/2027,Pedro
Milho,Grão,788,283,2027-03-10,10/03/2027,Ana
Soja,Fibra,135,28,2027-03-11,11/03/2027,
Café,Cereal,480,38,2027-03-12,12/03/2027,Pedro
Milho,Fibra,234,390,2027-03-13,13/03/2027,Pedro
Trigo,Bebida,722,65,2027-03-14,14/03/2027,Fernanda
Cana-de-açúcar,Bebida,912,106,2027-03-15,15/03/2027,
Algodão,Cereal,361,114,sem data,16/03/2027,João
Cana-de-açúcar,Fibra,585,437,2027-03-17,erro,Patrícia
Milho,Fibra,930,462,2027-03-18,18/03/2027,Carlos
Soja,Grão,157,260,2027-03-19,19/03/2027,Carlos
Cana-de-açúcar,Grão,490,365,2027-03-20,20/03/2027,João
Cana-de-açúcar,Cereal,866,150,2027-03-21,erro,Pedro
Milho,Cereal,487,364,2027-03-22,22/03/2027,Pedro
Arroz,Cereal,126,95,sem data,23/03/2027,
Café,Bebida,98,232,2027-03-24,24/03/2027,Ana
Trigo,Bebida,255,126,sem data,erro,
Soja,Grão,indefinido,,2027-03-26,26/03/2027,Maria
Trigo,Bebida,638,90,2027-03-27,27/03/2027,Maria
Trigo,Grão,indefinido,368,2027-03-28,28/03/2027,Maria
Café,Fibra,575,,2027-03-29,29/03/2027,Fernanda
Soja,Grão,439,228,2027-03-30,30/03/2027,Patrícia
Trigo,Fibra,443,102,2027-03-31,31/03/2027,Maria
Cana-de-açúcar,Bebida,737,,2027-04-01,01/04/2027,Patrícia
Arroz,Bebida,554,354,sem data,02/04/2027,
Café,Cereal,499,493,2027-04-03,03/04/2027,Carlos
Milho,Bebida,875,291,2027-04-04,04/04/2027,Carlos
Arroz,Bebida,941,376,2027-04-05,05/04/2027,João
Trigo,Fibra,458,22,2027-04-06,06/04/2027,João
Arroz,Bebida,903,,2027-04-07,07/04/2027,Ricardo
Soja,Cereal,393,82,2027-04-08,08/04/2027,
Algodão,Fibra,indefinido,447,2027-04-09,09/04/2027,Maria
Cana-de-açúcar,Bebida,indefinido,429,2027-04-10,10/04/2027,Maria
Arroz,Fibra,758,426,2027-04-11,erro,Carlos
Trigo,Grão,964,193,2027-04-12,12/04/2027,Carlos
Arroz,Bebida,794,53,2027-04-13,erro,Carlos
Soja,Grão,87,319,2027-04-14,14/04/2027,Maria
Café,Fibra,928,143,2027-04-15,15/04/2027,Carlos
Algodão,Cereal,984,345,2027-04-16,16/04/2027,Fernanda
Milho,Cereal,753,335,2027-04-17,erro,Patrícia
Arroz,Grão,790,,2027-04-18,18/04/2027,Ricardo
Café,Fibra,indefinido,274,2027-04-19,19/04/2027,Patrícia
Algodão,Grão,753,35,2027-04-20,20/04/2027,Carlos
Café,Grão,711,163,2027-04-21,21/04/2027,Maria
Cana-de-açúcar,Grão,68,163,2027-04-22,22/04/2027,Fernanda
Café,Cereal,151,444,2027-04-23,23/04/2027,Pedro
Soja,Fibra,indefinido,429,2027-04-24,24/04/2027,Carlos
Algodão,Cereal,146,391,2027-04-25,25/04/2027,Patrícia
Milho,Grão,398,144,sem data,26/04/2027,Pedro
Algodão,Fibra,697,53,2027-04-27,27/04/2027,Fernanda
Arroz,Grão,575,295,2027-04-28,28/04/2027,Pedro
Milho,Grão,495,340,2027-04-29,29/04/2027,Maria
Milho,Grão,207,242,2027-04-30,30/04/2027,Ana
Café,Cereal,indefinido,,2027-05-01,erro,Carlos
Soja,Grão,521,205,2027-05-02,02/05/2027,Fernanda
Arroz,Bebida,419,405,2027-05-03,03/05/2027,Pedro
Cana-de-açúcar,Grão,579,460,2027-05-04,04/05/2027,Maria
Algodão,Grão,2,474,2027-05-05,05/05/2027,Ana
Trigo,Cereal,69,335,2027-05-06,06/05/2027,Pedro
Arroz,Fibra,72,,2027-05-07,07/05/2027,João
Arroz,Cereal,944,321,2027-05-08,08/05/2027,João
Cana-de-açúcar,Fibra,167,391,2027-05-09,erro,Carlos
Soja,Fibra,392,65,2027-05-10,10/05/2027,Patrícia
Arroz,Cereal,885,42,2027-05-11,11/05/2027,Carlos
Algodão,Bebida,28,118,2027-05-12,12/05/2027,
Soja,Fibra,315,445,2027-05-13,13/05/2027,Carlos
Soja,Cereal,24,295,2027-05-14,14/05/2027,Patrícia
Algodão,Cereal,628,156,2027-05-15,erro,Ricardo
Soja,Fibra,111,192,2027-05-16,16/05/2027,Ana
Algodão,Grão,971,493,2027-05-17,17/05/2027,Fernanda
Trigo,Cereal,440,2,2027-05-18,18/05/2027,Ricardo
Soja,Bebida,326,497,2027-05-19,19/05/2027,Pedro
Arroz,Grão,477,43,2027-05-20,20/05/2027,Fernanda
Café,Bebida,535,131,2027-05-21,21/05/2027,Ana
Milho,Fibra,890,491,2027-05-22,22/05/2027,Carlos
Arroz,Fibra,32,97,2027-05-23,23/05/2027,Ricardo
Algodão,Cereal,841,338,2027-05-24,erro,João
Trigo,Bebida,681,14,2027-05-25,erro,Fernanda
Soja,Bebida,860,408,2027-05-26,26/05/2027,
Milho,Fibra,642,127,2027-05-27,27/05/2027,Pedro
Soja,Fibra,248,61,2027-05-28,28/05/2027,Ricardo
Soja,Cereal,553,120,2027-05-29,29/05/2027,Patrícia
Café,Cereal,881,45,2027-05-30,erro,Pedro
Cana-de-açúcar,Bebida,159,219,2027-05-31,31/05/2027,Ana
Trigo,Fibra,736,258,2027-06-01,01/06/2027,Patrícia
Cana-de-açúcar,Grão,395,194,2027-06-02,02/06/2027,João
Trigo,Fibra,511,87,2027-06-03,03/06/2027,Patrícia
Milho,Grão,297,,2027-06-04,04/06/2027,Ana
Arroz,Bebida,115,108,2027-06-05,05/06/2027,Pedro
Milho,Fibra,194,,2027-06-06,06/06/2027,Carlos
Cana-de-açúcar,Bebida,761,72,sem data,07/06/2027,João
Arroz,Bebida,335,428,2027-06-08,08/06/2027,Patrícia
Trigo,Cereal,684,342,2027-06-09,erro,Ana
Arroz,Bebida,843,204,2027-06-10,10/06/2027,Patrícia
Milho,Cereal,649,113,2027-06-11,11/06/2027,Fernanda
Soja,Fibra,641,122,2027-06-12,12/06/2027,Patrícia
Café,Bebida,53,402,2027-06-13,13/06/2027,Maria
Algodão,Cereal,562,,2027-06-14,14/06/2027,Carlos
Soja,Fibra,903,328,2027-06-15,15/06/2027,Patrícia
Arroz,Grão,516,477,2027-06-16,16/06/2027,
Soja,Grão,556,185,2027-06-17,erro,Ricardo
Soja,Cereal,546,204,2027-06-18,18/06/2027,Pedro
Arroz,Bebida,781,423,2027-06-19,19/06/2027,Maria
Soja,Bebida,556,22,2027-06-20,20/06/2027,Pedro
Milho,Fibra,835,473,2027-06-21,21/06/2027,Maria
Café,Cereal,387,220,2027-06-22,22/06/2027,Maria
Café,Grão,579,16,2027-06-23,23/06/2027,Maria
Algodão,Bebida,439,268,2027-06-24,24/06/2027,Maria
Cana-de-açúcar,Bebida,766,73,sem data,25/06/2027,Patrícia
Café,Fibra,585,4,2027-06-26,26/06/2027,Patrícia
Arroz,Fibra,424,240,2027-06-27,27/06/2027,Maria
Cana-de-açúcar,Cereal,154,5,2027-06-28,28/06/2027,Maria
Cana-de-açúcar,Grão,565,303,2027-06-29,29/06/2027,Ricardo
Cana-de-açúcar,Grão,711,477,2027-06-30,30/06/2027,João
Cana-de-açúcar,Fibra,572,179,2027-07-01,01/07/2027,Maria
Milho,Grão,33,386,2027-07-02,02/07/2027,Ana
Arroz,Grão,971,441,2027-07-03,erro,Carlos
Soja,Bebida,903,424,2027-07-04,04/07/2027,Patrícia
Soja,Fibra,590,,2027-07-05,05/07/2027,Fernanda
Arroz,Fibra,173,220,2027-07-06,06/07/2027,Patrícia
Café,Bebida,717,1,sem data,07/07/2027,Fernanda
Trigo,Cereal,143,257,2027-07-08,08/07/2027,Ana
Soja,Grão,indefinido,411,2027-07-09,09/07/2027,Patrícia
Milho,Grão,859,32,2027-07-10,10/07/2027,Ricardo
Soja,Bebida,365,464,2027-07-11,11/07/2027,Carlos
Soja,Fibra,172,19,2027-07-12,12/07/2027,Ana
Milho,Grão,532,461,2027-07-13,13/07/2027,Pedro
Café,Fibra,522,114,2027-07-14,14/07/2027,
Soja,Grão,677,389,2027-07-15,15/07/2027,João
Soja,Grão,650,484,2027-07-16,16/07/2027,
Trigo,Grão,593,,2027-07-17,17/07/2027,Fernanda
Cana-de-açúcar,Cereal,839,444,2027-07-18,erro,Patrícia
Milho,Bebida,428,316,2027-07-19,erro,Pedro
Algodão,Cereal,458,43,2027-07-20,20/07/2027,Pedro
Milho,Cereal,866,69,2027-07-21,21/07/2027,Patrícia
Café,Cereal,703,169,2027-07-22,22/07/2027,
Algodão,Fibra,331,31,2027-07-23,23/07/2027,João
Café,Bebida,942,223,2027-07-24,24/07/2027,Pedro
Trigo,Grão,811,111,2027-07-25,25/07/2027,
Arroz,Fibra,645,26,2027-07-26,26/07/2027,Ana
Algodão,Cereal,838,246,2027-07-27,27/07/2027,Maria
Soja,Bebida,530,445,2027-07-28,28/07/2027,Maria
Café,Fibra,445,74,2027-07-29,29/07/2027,Patrícia
Trigo,Fibra,122,306,2027-07-30,30/07/2027,Fernanda
Soja,Grão,216,454,2027-07-31,31/07/2027,Ana
Trigo,Grão,528,5,2027-08-01,01/08/2027,Pedro
Arroz,Cereal,indefinido,419,2027-08-02,02/08/2027,João
Cana-de-açúcar,Bebida,574,335,sem data,03/08/2027,
Trigo,Grão,640,69,2027-08-04,04/08/2027,Carlos
Arroz,Cereal,221,297,2027-08-05,05/08/2027,Ricardo
Algodão,Fibra,534,,sem data,erro,Fernanda
Milho,Cereal,61,138,2027-08-07,07/08/2027,Pedro
Café,Bebida,861,464,2027-08-08,08/08/2027,Patrícia
Algodão,Cereal,235,348,2027-08-09,erro,Fernanda
Trigo,Grão,73,89,2027-08-10,10/08/2027,Carlos
Cana-de-açúcar,Bebida,734,,2027-08-11,11/08/2027,Carlos
Cana-de-açúcar,Bebida,738,54,2027-08-12,12/08/2027,Maria
Algodão,Bebida,363,169,2027-08-13,13/08/2027,Ana
Soja,Fibra,indefinido,,2027-08-14,erro,
Algodão,Cereal,506,271,2027-08-15,15/08/2027,Pedro
Trigo,Bebida,914,91,2027-08-16,16/08/2027,Ana
Cana-de-açúcar,Bebida,343,277,2027-08-17,17/08/2027,Ricardo
Arroz,Cereal,indefinido,85,2027-08-18,18/08/2027,
Trigo,Grão,134,191,2027-08-19,19/08/2027,João
Algodão,Grão,71,,2027-08-20,20/08/2027,
Cana-de-açúcar,Cereal,928,447,2027-08-21,21/08/2027,Carlos
Soja,Bebida,423,125,2027-08-22,22/08/2027,João
Arroz,Grão,537,63,2027-08-23,23/08/2027,João
Milho,Cereal,280,237,2027-08-24,24/08/2027,Carlos
Algodão,Cereal,396,128,2027-08-25,25/08/2027,João
Arroz,Fibra,678,230,2027-08-26,26/08/2027,Pedro
Soja,Grão,316,280,2027-08-27,27/08/2027,Ana
Milho,Cereal,392,265,2027-08-28,28/08/2027,Maria
Trigo,Cereal,613,336,2027-08-29,29/08/2027,Ana
Trigo,Grão,204,175,2027-08-30,30/08/2027,Pedro
Milho,Fibra,indefinido,325,2027-08-31,31/08/2027,Ricardo
Soja,Fibra,479,,2027-09-01,01/09/2027,Maria
Arroz,Bebida,435,35,2027-09-02,02/09/2027,Patrícia
Soja,Cereal,210,111,2027-09-03,03/09/2027,Carlos
Cana-de-açúcar,Cereal,776,425,2027-09-04,04/09/2027,Ana
Café,Bebida,962,266,2027-09-05,05/09/2027,
Milho,Cereal,105,155,2027-09-06,06/09/2027,Carlos
Milho,Fibra,639,108,2027-09-07,07/09/2027,Patrícia
Trigo,Cereal,683,87,2027-09-08,08/09/2027,Ricardo
Trigo,Grão,992,,2027-09-09,09/09/2027,Carlos
Café,Cereal,845,171,2027-09-10,10/09/2027,Ricardo
Café,Fibra,773,85,2027-09-11,11/09/2027,Pedro
Algodão,Grão,770,34,2027-09-12,12/09/2027,
Cana-de-açúcar,Bebida,102,314,2027-09-13,13/09/2027,Patrícia
Café,Grão,506,18,2027-09-14,14/09/2027,Maria
Café,Cereal,463,147,sem data,15/09/2027,Pedro
Soja,Grão,787,72,2027-09-16,16/09/2027,João
Cana-de-açúcar,Fibra,918,242,2027-09-17,17/09/2027,Pedro
Café,Bebida,96,112,2027-09-18,18/09/2027,Maria
Cana-de-açúcar,Bebida,858,338,2027-09-19,erro,Fernanda
Milho,Cereal,807,36,2027-09-20,20/09/2027,Ricardo
Milho,Grão,512,415,2027-09-21,erro,João
Café,Cereal,204,107,2027-09-22,22/09/2027,Pedro
Algodão,Bebida,indefinido,20,2027-09-23,23/09/2027,Maria
Arroz,Grão,747,,sem data,24/09/2027,Carlos
Cana-de-açúcar,Cereal,836,166,2027-09-25,25/09/2027,João
Trigo,Fibra,724,373,2027-09-26,erro,João
Soja,Fibra,719,242,2027-09-27,27/09/2027,Ana
Arroz,Cereal,916,364,2027-09-28,28/09/2027,Ricardo
Cana-de-açúcar,Cereal,900,204,2027-09-29,29/09/2027,Fernanda
Soja,Bebida,990,86,sem data,30/09/2027,João
Cana-de-açúcar,Bebida,376,229,2027-10-01,erro,Patrícia
Café,Fibra,956,27,2027-10-02,02/10/2027,
Café,Grão,indefinido,172,2027-10-03,03/10/2027,Maria
Milho,Bebida,376,164,2027-10-04,04/10/2027,Ana
Milho,Cereal,663,384,2027-10-05,erro,Carlos
Milho,Bebida,110,408,2027-10-06,06/10/2027,Ricardo
Café,Bebida,93,321,2027-10-07,07/10/2027,Carlos
Arroz,Bebida,864,136,2027-10-08,08/10/2027,Patrícia
Algodão,Fibra,57,353,2027-10-09,09/10/2027,Patrícia
Trigo,Grão,74,92,2027-10-10,10/10/2027,João
Café,Grão,76,236,2027-10-11,11/10/2027,Ricardo
Algodão,Bebida,45,447,2027-10-12,12/10/2027,João
Milho,Bebida,153,249,2027-10-13,13/10/2027,Fernanda
Café,Fibra,466,313,2027-10-14,14/10/2027,Ricardo
Arroz,Grão,867,239,2027-10-15,15/10/2027,Maria
Trigo,Fibra,931,194,2027-10-16,16/10/2027,Carlos
Algodão,Grão,896,415,2027-10-17,17/10/2027,Maria
Cana-de-açúcar,Bebida,17,78,2027-10-18,18/10/2027,Maria
Café,Bebida,306,71,2027-10-19,19/10/2027,Patrícia
Algodão,Bebida,307,339,2027-10-20,erro,João
Algodão,Bebida,556,6,2027-10-21,21/10/2027,Ana
Milho,Bebida,442,27,2027-10-22,22/10/2027,Patrícia
Algodão,Grão,827,121,2027-10-23,23/10/2027,Carlos
Algodão,Cereal,588,194,2027-10-24,24/10/2027,Maria
Cana-de-açúcar,Fibra,896,212,2027-10-25,25/10/2027,Pedro
Cana-de-açúcar,Grão,488,189,2027-10-26,26/10/2027,Ana
Milho,Fibra,217,424,2027-10-27,27/10/2027,João
Trigo,Bebida,591,448,2027-10-28,28/10/2027,
Trigo,Bebida,indefinido,334,2027-10-29,29/10/2027,Carlos
Soja,Cereal,139,231,2027-10-30,30/10/2027,Fernanda
Café,Grão,712,416,2027-10-31,31/10/2027,Ricardo
Cana-de-açúcar,Grão,199,278,2027-11-01,01/11/2027,Carlos
Trigo,Cereal,687,81,2027-11-02,02/11/2027,João
Algodão,Grão,945,266,2027-11-03,03/11/2027,Ricardo
Soja,Fibra,235,435,2027-11-04,04/11/2027,Patrícia
Algodão,Bebida,423,426,2027-11-05,05/11/2027,Pedro
Cana-de-açúcar,Bebida,709,214,sem data,06/11/2027,Fernanda
Trigo,Cereal,4,329,2027-11-07,07/11/2027,Fernanda
Trigo,Grão,574,458,sem data,erro,Pedro
Cana-de-açúcar,Fibra,746,402,2027-11-09,erro,Fernanda
Cana-de-açúcar,Bebida,241,116,2027-11-10,10/11/2027,Ana
Café,Fibra,944,152,2027-11-11,11/11/2027,João
Cana-de-açúcar,Cereal,140,484,2027-11-12,12/11/2027,Fernanda
Soja,Grão,385,5,2027-11-13,13/11/2027,Ricardo
Café,Cereal,794,224,2027-11-14,erro,Patrícia
Arroz,Bebida,115,31,2027-11-15,15/11/2027,Ana
Soja,Grão,783,220,sem data,16/11/2027,Fernanda
Arroz,Grão,180,119,2027-11-17,17/11/2027,Fernanda
Trigo,Cereal,653,64,2027-11-18,18/11/2027,João
Soja,Bebida,945,2,sem data,19/11/2027,Carlos
Soja,Grão,504,165,2027-11-20,20/11/2027,Ana
Algodão,Cereal,190,458,2027-11-21,21/11/2027,Ricardo
Milho,Fibra,699,23,sem data,22/11/2027,Pedro
Café,Bebida,671,386,2027-11-23,23/11/2027,Pedro
Milho,Fibra,720,90,sem data,24/11/2027,Ana
Soja,Bebida,485,148,2027-11-25,25/11/2027,João
Trigo,Cereal,48,129,2027-11-26,erro,Carlos
Cana-de-açúcar,Cereal,462,159,2027-11-27,27/11/2027,Pedro
Soja,Grão,902,252,2027-11-28,28/11/2027,Maria
Trigo,Grão,469,215,2027-11-29,29/11/2027,Fernanda
Arroz,Fibra,147,486,2027-11-30,30/11/2027,Ricardo
Algodão,Cereal,350,341,2027-12-01,01/12/2027,Patrícia
Algodão,Bebida,97,,2027-12-02,02/12/2027,Ana
Milho,Cereal,168,493,2027-12-03,03/12/2027,Patrícia
Soja,Grão,83,488,2027-12-04,04/12/2027,Patrícia
Arroz,Cereal,807,354,2027-12-05,05/12/2027,Ricardo
Arroz,Bebida,532,189,2027-12-06,06/12/2027,
Café,Bebida,911,378,2027-12-07,07/12/2027,Patrícia
Trigo,Grão,638,43,2027-12-08,08/12/2027,Pedro
Trigo,Cereal,906,182,2027-12-09,09/12/2027,Carlos
Arroz,Grão,537,,2027-12-10,10/12/2027,João
Cana-de-açúcar,Cereal,848,197,2027-12-11,11/12/2027,Carlos
Arroz,Grão,410,349,2027-12-12,erro,Pedro
Soja,Grão,825,332,2027-12-13,13/12/2027,Ana
Milho,Bebida,507,,2027-12-14,14/12/2027,Ricardo
Arroz,Fibra,320,175,2027-12-15,erro,Fernanda
Cana-de-açúcar,Fibra,400,,2027-12-16,16/12/2027,Fernanda
Cana-de-açúcar,Bebida,309,29,sem data,17/12/2027,Patrícia
Trigo,Fibra,359,419,sem data,18/12/2027,Ana
Soja,Bebida,419,460,2027-12-19,erro,
Café,Cereal,23,4,2027-12-20,erro,Carlos
Trigo,Fibra,259,121,2027-12-21,21/12/2027,João
Milho,Cereal,776,479,2027-12-22,erro,Maria
Soja,Bebida,711,31,2027-12-23,erro,Carlos
Algodão,Cereal,557,440,2027-12-24,24/12/2027,João
Trigo,Grão,613,73,2027-12-25,25/12/2027,Pedro
Soja,Cereal,796,314,2027-12-26,26/12/2027,Patrícia
Soja,Cereal,715,284,2027-12-27,27/12/2027,Pedro
Café,Bebida,indefinido,398,2027-12-28,28/12/2027,Maria
Cana-de-açúcar,Bebida,261,330,2027-12-29,29/12/2027,Patrícia
Cana-de-açúcar,Cereal,561,48,2027-12-30,30/12/2027,Ana
Soja,Grão,indefinido,265,2027-12-31,31/12/2027,Pedro
Algodão,Grão,521,445,2028-01-01,01/01/2028,João
Algodão,Bebida,62,241,2028-01-02,02/01/2028,Ana
Algodão,Cereal,349,246,2028-01-03,03/01/2028,Carlos
Milho,Bebida,329,418,2028-01-04,04/01/2028,Ricardo
Café,Grão,439,11,2028-01-05,05/01/2028,Carlos
Milho,Fibra,933,,sem data,06/01/2028,Carlos
Café,Fibra,39,27,2028-01-07,07/01/2028,Ricardo
Café,Cereal,314,191,2028-01-08,erro,Ricardo
Arroz,Grão,215,55,2028-01-09,erro,Pedro
Cana-de-açúcar,Bebida,288,211,sem data,10/01/2028,
Milho,Grão,906,59,2028-01-11,11/01/2028,Pedro
Trigo,Fibra,338,91,2028-01-12,12/01/2028,Pedro
Milho,Bebida,505,270,2028-01-13,erro,Maria
Cana-de-açúcar,Cereal,315,408,2028-01-14,14/01/2028,Pedro
Café,Grão,808,418,2028-01-15,15/01/2028,Fernanda
Cana-de-açúcar,Cereal,766,388,2028-01-16,16/01/2028,
Café,Grão,212,150,2028-01-17,17/01/2028,Carlos
Trigo,Grão,714,476,2028-01-18,18/01/2028,Maria
Cana-de-açúcar,Bebida,609,118,2028-01-19,erro,João
Algodão,Cereal,31,391,2028-01-20,20/01/2028,Ana
Café,Bebida,322,33,2028-01-21,21/01/2028,Carlos
Trigo,Bebida,14,,2028-01-22,22/01/2028,João
Trigo,Cereal,738,290,sem data,23/01/2028,Fernanda
Algodão,Bebida,189,376,2028-01-24,24/01/2028,Ricardo
Cana-de-açúcar,Cereal,229,162,2028-01-25,25/01/2028,Carlos
Soja,Cereal,817,210,2028-01-26,erro,Pedro
Arroz,Bebida,726,59,2028-01-27,27/01/2028,
Algodão,Bebida,30,413,2028-01-28,28/01/2028,Carlos
Trigo,Grão,12,409,2028-01-29,29/01/2028,
Algodão,Bebida,825,162,2028-01-30,erro,Ricardo
Soja,Cereal,556,27,2028-01-31,31/01/2028,Maria
Soja,Bebida,981,478,sem data,01/02/2028,Ricardo
Café,Fibra,608,434,2028-02-02,02/02/2028,Patrícia
Soja,Bebida,142,371,2028-02-03,03/02/2028,Carlos
Café,Fibra,750,17,sem data,04/02/2028,Ricardo
Soja,Fibra,640,232,sem data,05/02/2028,Ana
Soja,Grão,824,116,2028-02-06,06/02/2028,Patrícia
Arroz,Bebida,463,409,2028-02-07,07/02/2028,Maria
Arroz,Bebida,836,187,2028-02-08,08/02/2028,Carlos
Trigo,Cereal,247,231,2028-02-09,09/02/2028,Carlos
Soja,Cereal,424,182,sem data,10/02/2028,Ricardo
Arroz,Fibra,531,209,2028-02-11,11/02/2028,Maria
Arroz,Fibra,774,372,2028-02-12,12/02/2028,Fernanda
Café,Fibra,81,,2028-02-13,13/02/2028,Fernanda
Café,Cereal,815,79,2028-02-14,14/02/2028,Carlos
Algodão,Grão,382,60,2028-02-15,15/02/2028,Carlos
Cana-de-açúcar,Fibra,538,290,2028-02-16,16/02/2028,Pedro
Arroz,Cereal,664,262,sem data,17/02/2028,Carlos
Arroz,Bebida,85,482,2028-02-18,18/02/2028,João
Arroz,Fibra,914,424,2028-02-19,19/02/2028,Ana
Algodão,Cereal,329,137,2028-02-20,20/02/2028,Patrícia
Soja,Fibra,720,254,2028-02-21,21/02/2028,Ricardo
Café,Bebida,617,84,sem data,22/02/2028,Pedro
Arroz,Grão,231,231,2028-02-23,23/02/2028,Carlos
Algodão,Grão,522,268,2028-02-24,24/02/2028,Maria
Café,Cereal,683,465,2028-02-25,25/02/2028,Maria
Soja,Cereal,indefinido,,2028-02-26,26/02/2028,Fernanda
Café,Cereal,298,440,sem data,erro,Fernanda
Café,Grão,857,93,2028-02-28,28/02/2028,Ricardo
Cana-de-açúcar,Bebida,19,235,2028-02-29,29/02/2028,Maria
Cana-de-açúcar,Fibra,375,86,2028-03-01,01/03/2028,Ricardo
Milho,Fibra,indefinido,89,2028-03-02,02/03/2028,
Arroz,Grão,319,,2028-03-03,03/03/2028,Ana
Milho,Grão,766,329,2028-03-04,04/03/2028,Ricardo
Algodão,Grão,923,491,2028-03-05,05/03/2028,João
Café,Cereal,687,11,2028-03-06,06/03/2028,Carlos
Arroz,Grão,396,307,2028-03-07,07/03/2028,Ana
Milho,Cereal,911,8,2028-03-08,erro,Patrícia
Soja,Grão,indefinido,103,2028-03-09,09/03/2028,Patrícia
Milho,Bebida,883,179,2028-03-10,10/03/2028,Fernanda
Café,Fibra,653,,2028-03-11,11/03/2028,João
Milho,Bebida,59,374,2028-03-12,erro,João
Milho,Fibra,963,80,2028-03-13,13/03/2028,Ricardo
Soja,Cereal,978,65,2028-03-14,14/03/2028,Pedro
Cana-de-açúcar,Fibra,695,180,2028-03-15,15/03/2028,Ricardo
Cana-de-açúcar,Bebida,33,290,2028-03-16,16/03/2028,Fernanda
Trigo,Grão,579,141,2028-03-17,17/03/2028,Maria
Cana-de-açúcar,Cereal,829,20,2028-03-18,18/03/2028,Maria
Milho,Grão,552,142,2028-03-19,19/03/2028,Ricardo
Algodão,Bebida,indefinido,243,2028-03-20,20/03/2028,Ana
Algodão,Bebida,216,432,2028-03-21,21/03/2028,Maria
Algodão,Fibra,484,177,sem data,22/03/2028,Pedro
Algodão,Grão,245,100,2028-03-23,23/03/2028,Patrícia
Algodão,Bebida,404,225,2028-03-24,24/03/2028,João
Café,Grão,705,116,2028-03-25,25/03/2028,Pedro
Trigo,Grão,312,267,2028-03-26,erro,João
Arroz,Cereal,indefinido,492,2028-03-27,27/03/2028,Maria
Café,Bebida,indefinido,372,2028-03-28,28/03/2028,Pedro
Soja,Cereal,609,328,2028-03-29,29/03/2028,Ana
Algodão,Grão,610,296,2028-03-30,30/03/2028,Patrícia
Milho,Cereal,91,263,2028-03-31,31/03/2028,Carlos
Arroz,Cereal,968,404,2028-04-01,01/04/2028,Ricardo
Arroz,Fibra,296,236,2028-04-02,02/04/2028,Carlos
Algodão,Grão,609,250,2028-04-03,03/04/2028,Pedro
Milho,Fibra,884,86,2028-04-04,04/04/2028,Maria
Trigo,Grão,266,,sem data,05/04/2028,João
Arroz,Bebida,408,206,2028-04-06,06/04/2028,Pedro
Milho,Fibra,118,420,2028-04-07,07/04/2028,Fernanda
Café,Cereal,466,32,2028-04-08,erro,Pedro
Soja,Grão,244,485,2028-04-09,09/04/2028,Maria
Cana-de-açúcar,Cereal,975,155,2028-04-10,10/04/2028,Ana
Soja,Grão,579,213,2028-04-11,11/04/2028,Pedro
Milho,Cereal,382,340,2028-04-12,erro,Fernanda
Arroz,Cereal,219,221,2028-04-13,13/04/2028,Patrícia
Café,Bebida,554,355,2028-04-14,14/04/2028,Patrícia
Arroz,Grão,992,402,2028-04-15,15/04/2028,Ricardo
Soja,Grão,493,,2028-04-16,16/04/2028,Fernanda
Trigo,Bebida,474,121,2028-04-17,17/04/2028,Maria
Trigo,Bebida,107,321,sem data,18/04/2028,Patrícia
Soja,Bebida,602,398,2028-04-19,19/04/2028,Carlos
Soja,Bebida,486,213,2028-04-20,20/04/2028,Ana
Trigo,Grão,126,479,2028-04-21,21/04/2028,Ricardo
Algodão,Bebida,indefinido,114,2028-04-22,22/04/2028,Pedro
Arroz,Grão,indefinido,,2028-04-23,23/04/2028,Ricardo
Milho,Fibra,67,108,2028-04-24,24/04/2028,
Trigo,Cereal,973,,2028-04-25,erro,João
Cana-de-açúcar,Grão,877,128,2028-04-26,26/04/2028,Fernanda
Trigo,Grão,101,34,2028-04-27,27/04/2028,Patrícia
Milho,Bebida,781,430,sem data,28/04/2028,Ana
Arroz,Cereal,587,295,2028-04-29,29/04/2028,Maria
Café,Fibra,161,51,2028-04-30,30/04/2028,Patrícia
Trigo,Grão,20,156,2028-05-01,01/05/2028,Ana
Algodão,Bebida,912,108,2028-05-02,erro,Pedro
Soja,Grão,841,19,2028-05-03,03/05/2028,João
Milho,Cereal,383,19,2028-05-04,04/05/2028,Fernanda
Arroz,Grão,437,437,2028-05-05,05/05/2028,Patrícia
Trigo,Grão,746,138,2028-05-06,06/05/2028,Patrícia
Arroz,Fibra,360,141,2028-05-07,07/05/2028,Fernanda
Café,Bebida,248,133,2028-05-08,08/05/2028,Pedro
Café,Bebida,332,6,2028-05-09,09/05/2028,Patrícia
Algodão,Grão,730,229,2028-05-10,10/05/2028,Maria
Cana-de-açúcar,Cereal,401,161,2028-05-11,11/05/2028,Ana
Soja,Fibra,842,,2028-05-12,12/05/2028,Fernanda
Cana-de-açúcar,Grão,811,348,2028-05-13,13/05/2028,
Algodão,Grão,889,18,2028-05-14,14/05/2028,Pedro
Soja,Bebida,736,247,2028-05-15,15/05/2028,Ana
Arroz,Grão,263,389,2028-05-16,16/05/2028,João
Cana-de-açúcar,Grão,147,176,2028-05-17,17/05/2028,Pedro
Trigo,Cereal,395,91,sem data,18/05/2028,Pedro
Soja,Grão,637,286,2028-05-19,19/05/2028,Pedro
Milho,Bebida,972,476,sem data,20/05/2028,Ana
Café,Cereal,942,153,2028-05-21,21/05/2028,Ana
Algodão,Cereal,35,18,2028-05-22,22/05/2028,Ricardo
Algodão,Bebida,611,325,2028-05-23,23/05/2028,Pedro
Trigo,Bebida,508,350,2028-05-24,24/05/2028,
Arroz,Bebida,772,281,2028-05-25,25/05/2028,Ricardo
Algodão,Fibra,indefinido,228,2028-05-26,26/05/2028,Ana
Soja,Bebida,996,,sem data,27/05/2028,Pedro
Café,Fibra,850,,2028-05-28,28/05/2028,Patrícia
Trigo,Cereal,717,73,2028-05-29,29/05/2028,Carlos
Cana-de-açúcar,Cereal,92,,2028-05-30,30/05/2028,Ana
Algodão,Bebida,77,83,2028-05-31,31/05/2028,Patrícia
Soja,Grão,224,111,2028-06-01,01/06/2028,Carlos
Trigo,Cereal,379,86,2028-06-02,02/06/2028,Ricardo
Milho,Fibra,742,477,2028-06-03,03/06/2028,Pedro
Algodão,Bebida,119,200,2028-06-04,erro,Ana
Milho,Cereal,784,287,2028-06-05,05/06/2028,Pedro
Arroz,Bebida,192,176,2028-06-06,06/06/2028,Carlos
Algodão,Fibra,504,,2028-06-07,07/06/2028,Pedro
Cana-de-açúcar,Grão,251,196,2028-06-08,08/06/2028,Fernanda
Trigo,Grão,693,272,2028-06-09,09/06/2028,Fernanda
Trigo,Fibra,963,210,2028-06-10,10/06/2028,João
Soja,Bebida,845,218,2028-06-11,erro,Ana
Arroz,Cereal,502,384,2028-06-12,12/06/2028,Maria
Cana-de-açúcar,Cereal,721,78,2028-06-13,13/06/2028,Ana
Algodão,Cereal,77,205,2028-06-14,14/06/2028,Fernanda
Arroz,Cereal,685,90,2028-06-15,15/06/2028,Maria
Soja,Cereal,88,70,2028-06-16,16/06/2028,Patrícia
Arroz,Bebida,436,30,2028-06-17,17/06/2028,Carlos
Arroz,Cereal,85,327,2028-06-18,18/06/2028,João
Algodão,Grão,indefinido,328,2028-06-19,19/06/2028,Fernanda
Soja,Bebida,8,476,sem data,20/06/2028,Carlos
Trigo,Cereal,980,317,2028-06-21,21/06/2028,Fernanda
Soja,Grão,77,80,2028-06-22,22/06/2028,Pedro
Café,Bebida,342,172,2028-06-23,erro,João
Soja,Bebida,860,40,2028-06-24,erro,Ana
Cana-de-açúcar,Fibra,215,74,2028-06-25,25/06/2028,Pedro
Trigo,Grão,indefinido,111,2028-06-26,26/06/2028,Ana
Algodão,Cereal,478,413,sem data,27/06/2028,Carlos
Soja,Fibra,34,25,2028-06-28,28/06/2028,Maria
Trigo,Cereal,237,266,2028-06-29,29/06/2028,Ricardo
Soja,Grão,730,342,2028-06-30,30/06/2028,Pedro
Algodão,Grão,27,72,2028-07-01,01/07/2028,Patrícia
Trigo,Cereal,620,175,2028-07-02,02/07/2028,Ana
Arroz,Fibra,304,154,2028-07-03,03/07/2028,João
Cana-de-açúcar,Cereal,indefinido,12,2028-07-04,04/07/2028,Fernanda
Milho,Bebida,326,402,2028-07-05,erro,
Arroz,Bebida,809,70,2028-07-06,06/07/2028,Maria
Café,Fibra,545,335,2028-07-07,07/07/2028,
Algodão,Bebida,350,278,2028-07-08,08/07/2028,Pedro
Algodão,Cereal,561,428,2028-07-09,09/07/2028,Patrícia
Arroz,Grão,259,56,2028-07-10,10/07/2028,Fernanda
Cana-de-açúcar,Bebida,239,300,2028-07-11,11/07/2028,João
Milho,Cereal,921,235,2028-07-12,12/07/2028,Ana
Trigo,Bebida,219,236,2028-07-13,13/07/2028,Fernanda
Arroz,Fibra,533,267,2028-07-14,14/07/2028,Ricardo
Trigo,Fibra,800,277,sem data,15/07/2028,Patrícia
Milho,Bebida,42,312,2028-07-16,16/07/2028,Carlos
Café,Bebida,632,398,sem data,17/07/2028,João
Trigo,Fibra,304,42,2028-07-18,18/07/2028,Patrícia
Algodão,Bebida,943,379,2028-07-19,erro,Carlos
Arroz,Bebida,846,405,2028-07-20,20/07/2028,Patrícia
Trigo,Grão,621,425,2028-07-21,21/07/2028,Ana
Cana-de-açúcar,Bebida,211,,2028-07-22,22/07/2028,Ricardo
Cana-de-açúcar,Cereal,863,86,2028-07-23,23/07/2028,Pedro
Arroz,Bebida,476,355,sem data,24/07/2028,
Cana-de-açúcar,Bebida,307,34,2028-07-25,25/07/2028,Maria
Algodão,Grão,654,481,2028-07-26,26/07/2028,Patrícia
Arroz,Grão,253,,2028-07-27,27/07/2028,Ricardo
Soja,Cereal,699,143,2028-07-28,28/07/2028,João
Algodão,Bebida,indefinido,444,2028-07-29,29/07/2028,Patrícia
Trigo,Grão,524,142,2028-07-30,30/07/2028,Carlos
Soja,Cereal,indefinido,408,2028-07-31,31/07/2028,Patrícia
Arroz,Cereal,982,,2028-08-01,01/08/2028,Ricardo
Café,Grão,799,,2028-08-02,02/08/2028,Fernanda
Trigo,Fibra,919,319,2028-08-03,03/08/2028,Ricardo
Milho,Grão,167,469,2028-08-04,04/08/2028,Pedro
Café,Fibra,801,154,2028-08-05,05/08/2028,Fernanda
Soja,Grão,487,257,2028-08-06,06/08/2028,João
Cana-de-açúcar,Grão,825,101,2028-08-07,07/08/2028,
Soja,Grão,763,388,2028-08-08,08/08/2028,Carlos
Milho,Grão,635,114,2028-08-09,09/08/2028,Ana
Café,Bebida,5,39,2028-08-10,10/08/2028,João
Café,Grão,216,437,2028-08-11,erro,Patrícia
Arroz,Bebida,193,32,2028-08-12,12/08/2028,Maria
Cana-de-açúcar,Grão,726,333,2028-08-13,13/08/2028,Ricardo
Soja,Grão,554,340,2028-08-14,14/08/2028,
Soja,Grão,985,212,2028-08-15,15/08/2028,Carlos
Trigo,Grão,indefinido,,2028-08-16,16/08/2028,Fernanda
Milho,Bebida,655,289,2028-08-17,17/08/2028,Pedro
Café,Bebida,50,363,2028-08-18,18/08/2028,Ana
Soja,Cereal,765,289,sem data,19/08/2028,João
Soja,Bebida,170,439,2028-08-20,20/08/2028,Pedro
Trigo,Bebida,693,,2028-08-21,21/08/2028,Fernanda
Soja,Fibra,983,458,2028-08-22,22/08/2028,Maria
Trigo,Grão,311,467,2028-08-23,23/08/2028,Fernanda
Cana-de-açúcar,Grão,350,169,2028-08-24,24/08/2028,Ana
Café,Grão,698,364,2028-08-25,25/08/2028,Patrícia
Soja,Cereal,757,228,2028-08-26,erro,Pedro
Trigo,Grão,561,450,2028-08-27,27/08/2028,Maria
Algodão,Fibra,525,475,2028-08-28,28/08/2028,Ana
Trigo,Fibra,823,140,2028-08-29,29/08/2028,Maria
Soja,Grão,90,309,2028-08-30,30/08/2028,Maria
Trigo,Grão,514,297,2028-08-31,31/08/2028,Carlos
Milho,Cereal,525,349,2028-09-01,01/09/2028,João
Milho,Grão,305,,sem data,02/09/2028,Ana
Cana-de-açúcar,Bebida,145,55,2028-09-03,03/09/2028,
Café,Bebida,50,389,2028-09-04,04/09/2028,Pedro
Soja,Bebida,769,241,2028-09-05,05/09/2028,Carlos
Algodão,Cereal,991,262,2028-09-06,06/09/2028,Pedro
Cana-de-açúcar,Grão,895,,2028-09-07,07/09/2028,Patrícia
Algodão,Grão,43,368,2028-09-08,08/09/2028,Pedro
Algodão,Bebida,437,72,2028-09-09,09/09/2028,Ricardo
Trigo,Fibra,705,157,sem data,10/09/2028,Ana
Arroz,Fibra,846,321,2028-09-11,11/09/2028,
Trigo,Bebida,394,,2028-09-12,12/09/2028,Patrícia
Cana-de-açúcar,Grão,202,30,sem data,13/09/2028,Patrícia
Café,Bebida,276,468,2028-09-14,14/09/2028,Carlos
Soja,Fibra,938,417,2028-09-15,15/09/2028,Pedro
Milho,Fibra,622,221,2028-09-16,16/09/2028,Maria
Cana-de-açúcar,Fibra,indefinido,332,2028-09-17,17/09/2028,Maria
Café,Bebida,980,,2028-09-18,18/09/2028,Ana
Cana-de-açúcar,Cereal,481,258,2028-09-19,19/09/2028,Carlos
Milho,Fibra,635,343,2028-09-20,20/09/2028,Ana
Soja,Cereal,37,128,2028-09-21,21/09/2028,Carlos
Arroz,Cereal,207,85,2028-09-22,22/09/2028,Carlos
Soja,Bebida,indefinido,55,2028-09-23,23/09/2028,João
Soja,Fibra,565,115,2028-09-24,24/09/2028,Maria
Trigo,Bebida,950,167,2028-09-25,25/09/2028,Fernanda
Trigo,Cereal,528,74,2028-09-26,26/09/2028,Ricardo
Soja,Fibra,6,185,2028-09-27,27/09/2028,João
Trigo,Bebida,443,255,2028-09-28,28/09/2028,Ricardo
Trigo,Cereal,331,413,2028-09-29,29/09/2028,Fernanda
Café,Bebida,513,426,2028-09-30,30/09/2028,Ricardo
Cana-de-açúcar,Fibra,663,,2028-10-01,01/10/2028,Ana
Algodão,Bebida,632,372,2028-10-02,02/10/2028,Maria
Algodão,Bebida,411,222,2028-10-03,03/10/2028,João
Arroz,Grão,83,469,2028-10-04,04/10/2028,Fernanda
Cana-de-açúcar,Cereal,100,48,sem data,05/10/2028,Ana
Algodão,Grão,411,162,2028-10-06,06/10/2028,Patrícia
Arroz,Grão,684,266,2028-10-07,07/10/2028,Maria
Café,Fibra,indefinido,216,2028-10-08,erro,Maria
Algodão,Grão,498,472,2028-10-09,09/10/2028,Pedro
Trigo,Fibra,960,150,2028-10-10,10/10/2028,
Trigo,Cereal,643,,sem data,11/10/2028,Fernanda
Trigo,Bebida,indefinido,482,2028-10-12,12/10/2028,Pedro
Arroz,Cereal,614,328,2028-10-13,13/10/2028,Patrícia
Trigo,Cereal,897,243,2028-10-14,14/10/2028,Pedro
Café,Bebida,80,419,2028-10-15,15/10/2028,
Cana-de-açúcar,Grão,712,449,2028-10-16,16/10/2028,Pedro
Cana-de-açúcar,Cereal,492,,2028-10-17,17/10/2028,Patrícia
Café,Cereal,211,428,2028-10-18,18/10/2028,Pedro
Trigo,Bebida,340,,sem data,19/10/2028,Patrícia
Soja,Fibra,394,360,2028-10-20,20/10/2028,Maria
Café,Fibra,488,149,sem data,21/10/2028,João
Cana-de-açúcar,Cereal,243,240,2028-10-22,22/10/2028,João
Milho,Grão,410,79,2028-10-23,23/10/2028,Fernanda
Café,Grão,497,398,2028-10-24,24/10/2028,Ricardo
Algodão,Fibra,304,489,2028-10-25,25/10/2028,Ana
Soja,Grão,887,466,2028-10-26,26/10/2028,João
Soja,Grão,244,204,2028-10-27,27/10/2028,Maria
Cana-de-açúcar,Grão,indefinido,378,2028-10-28,28/10/2028,Pedro
Café,Bebida,720,357,2028-10-29,29/10/2028,Ricardo
Milho,Bebida,780,26,2028-10-30,30/10/2028,João
Soja,Grão,indefinido,77,2028-10-31,31/10/2028,Pedro
Cana-de-açúcar,Bebida,531,162,2028-11-01,01/11/2028,Maria
Trigo,Bebida,192,211,2028-11-02,02/11/2028,Fernanda
Café,Grão,257,63,2028-11-03,03/11/2028,Ricardo
Café,Grão,868,317,2028-11-04,04/11/2028,
Trigo,Bebida,363,136,2028-11-05,05/11/2028,Patrícia
Trigo,Cereal,91,327,2028-11-06,06/11/2028,Fernanda
Algodão,Bebida,744,340,2028-11-07,07/11/2028,João
Café,Bebida,882,150,2028-11-08,08/11/2028,Carlos
Cana-de-açúcar,Grão,747,217,2028-11-09,09/11/2028,Pedro
Milho,Cereal,844,318,2028-11-10,erro,João
Algodão,Bebida,369,484,2028-11-11,11/11/2028,
Algodão,Cereal,476,15,2028-11-12,12/11/2028,Patrícia
Milho,Bebida,indefinido,101,2028-11-13,13/11/2028,Fernanda
Milho,Bebida,400,149,2028-11-14,14/11/2028,
Algodão,Fibra,108,387,2028-11-15,erro,Pedro
Arroz,Cereal,573,150,2028-11-16,16/11/2028,Ricardo
Algodão,Cereal,855,,2028-11-17,erro,Maria
Cana-de-açúcar,Bebida,744,,2028-11-18,18/11/2028,João
Soja,Bebida,578,96,2028-11-19,19/11/2028,Maria
Soja,Cereal,93,,2028-11-20,20/11/2028,Ricardo
Cana-de-açúcar,Bebida,519,481,2028-11-21,21/11/2028,João
Milho,Bebida,810,260,2028-11-22,22/11/2028,
Café,Fibra,284,436,2028-11-23,23/11/2028,Fernanda
Soja,Bebida,15,105,sem data,24/11/2028,
Soja,Bebida,673,159,2028-11-25,25/11/2028,Maria
Algodão,Fibra,872,76,2028-11-26,26/11/2028,
Soja,Bebida,737,2,2028-11-27,27/11/2028,Ricardo
Milho,Fibra,161,231,2028-11-28,28/11/2028,Patrícia
Soja,Grão,632,478,2028-11-29,29/11/2028,Fernanda
Arroz,Bebida,881,44,2028-11-30,erro,João
Algodão,Fibra,860,489,2028-12-01,01/12/2028,Fernanda
Cana-de-açúcar,Grão,913,191,2028-12-02,02/12/2028,João
Cana-de-açúcar,Fibra,226,343,2028-12-03,03/12/2028,Patrícia
Algodão,Fibra,240,448,2028-12-04,04/12/2028,Ana
Arroz,Grão,indefinido,455,2028-12-05,05/12/2028,Carlos
Algodão,Grão,indefinido,232,2028-12-06,06/12/2028,Pedro
Algodão,Grão,indefinido,,2028-12-07,07/12/2028,Ricardo
Café,Cereal,681,363,2028-12-08,erro,Maria
Milho,Cereal,761,357,2028-12-09,09/12/2028,Fernanda
Café,Grão,760,156,2028-12-10,10/12/2028,Patrícia
Café,Grão,859,270,2028-12-11,erro,Carlos
Trigo,Fibra,734,,2028-12-12,erro,Ricardo
Cana-de-açúcar,Bebida,323,33,2028-12-13,13/12/2028,Patrícia
Milho,Bebida,139,57,sem data,14/12/2028,Ricardo
Milho,Fibra,424,166,2028-12-15,erro,Carlos
Cana-de-açúcar,Fibra,956,80,2028-12-16,16/12/2028,Ricardo
Milho,Cereal,49,37,2028-12-17,17/12/2028,Patrícia
Café,Grão,897,380,2028-12-18,18/12/2028,Ricardo
Trigo,Cereal,181,12,2028-12-19,19/12/2028,Ricardo
Arroz,Grão,699,78,2028-12-20,20/12/2028,Maria
Algodão,Grão,706,266,2028-12-21,erro,Fernanda
Algodão,Bebida,463,180,2028-12-22,22/12/2028,Pedro
Milho,Cereal,768,369,2028-12-23,23/12/2028,Ricardo
Café,Cereal,614,328,2028-12-24,24/12/2028,Pedro
Milho,Cereal,338,363,sem data,25/12/2028,Carlos
Milho,Cereal,356,337,sem data,26/12/2028,Maria
Algodão,Fibra,844,21,2028-12-27,27/12/2028,Pedro
Trigo,Grão,608,85,2028-12-28,28/12/2028,
Milho,Bebida,998,443,2028-12-29,29/12/2028,Maria
Algodão,Fibra,indefinido,423,2028-12-30,erro,Maria
Arroz,Fibra,230,363,2028-12-31,31/12/2028,Carlos
Café,Fibra,145,29,2029-01-01,01/01/2029,Maria
Algodão,Fibra,693,182,2029-01-02,02/01/2029,João
Algodão,Fibra,846,,2029-01-03,03/01/2029,Maria
Milho,Fibra,918,431,sem data,04/01/2029,
Trigo,Bebida,812,306,2029-01-05,05/01/2029,João
Trigo,Grão,493,125,2029-01-06,06/01/2029,Carlos
Arroz,Fibra,725,122,2029-01-07,07/01/2029,Maria
Cana-de-açúcar,Fibra,927,166,2029-01-08,erro,Patrícia
Café,Grão,818,199,2029-01-09,09/01/2029,Carlos
Algodão,Grão,indefinido,245,2029-01-10,10/01/2029,Maria
Cana-de-açúcar,Fibra,667,172,2029-01-11,11/01/2029,Maria
Arroz,Fibra,indefinido,412,sem data,12/01/2029,Maria
Café,Fibra,672,298,2029-01-13,13/01/2029,Maria
Café,Fibra,indefinido,39,2029-01-14,14/01/2029,João
Soja,Cereal,906,100,2029-01-15,15/01/2029,
Milho,Bebida,338,430,2029-01-16,16/01/2029,João
Soja,Grão,436,387,2029-01-17,17/01/2029,Pedro
Arroz,Grão,775,64,2029-01-18,18/01/2029,João
Algodão,Fibra,656,13,sem data,19/01/2029,Patrícia
Algodão,Fibra,144,18,2029-01-20,20/01/2029,Carlos
Algodão,Bebida,indefinido,102,2029-01-21,21/01/2029,Ricardo
Café,Fibra,199,,2029-01-22,22/01/2029,João
Café,Fibra,108,413,2029-01-23,23/01/2029,Ana
Soja,Grão,103,442,2029-01-24,24/01/2029,Patrícia
Milho,Bebida,indefinido,270,2029-01-25,erro,
Arroz,Grão,29,281,2029-01-26,26/01/2029,Pedro
Cana-de-açúcar,Grão,776,117,2029-01-27,erro,Fernanda
Cana-de-açúcar,Cereal,780,11,2029-01-28,28/01/2029,João
Cana-de-açúcar,Grão,659,174,2029-01-29,29/01/2029,
Arroz,Cereal,679,104,2029-01-30,erro,
Trigo,Cereal,856,471,2029-01-31,erro,Ana
Milho,Bebida,45,30,2029-02-01,01/02/2029,Patrícia
Soja,Grão,636,,2029-02-02,erro,Ana
Algodão,Fibra,465,,2029-02-03,03/02/2029,Ricardo
Trigo,Fibra,818,476,2029-02-04,04/02/2029,Ana
Café,Grão,998,205,2029-02-05,05/02/2029,Ricardo
Café,Bebida,570,304,2029-02-06,06/02/2029,Fernanda
Algodão,Fibra,800,477,2029-02-07,07/02/2029,Ricardo
Soja,Grão,386,3,2029-02-08,08/02/2029,Patrícia
Milho,Fibra,626,428,2029-02-09,09/02/2029,
Algodão,Grão,851,217,2029-02-10,10/02/2029,Fernanda
Arroz,Bebida,137,499,2029-02-11,11/02/2029,Carlos
Café,Grão,826,173,2029-02-12,erro,Pedro
Algodão,Fibra,861,177,2029-02-13,13/02/2029,Ricardo
Cana-de-açúcar,Bebida,911,60,2029-02-14,14/02/2029,Fernanda
Cana-de-açúcar,Grão,756,364,2029-02-15,15/02/2029,Ricardo
Algodão,Fibra,221,441,2029-02-16,16/02/2029,Fernanda
Soja,Fibra,231,328,2029-02-17,17/02/2029,Patrícia
Milho,Bebida,937,415,2029-02-18,erro,Ana
Algodão,Bebida,729,156,2029-02-19,19/02/2029,Pedro
Algodão,Cereal,48,352,sem data,20/02/2029,Fernanda
Arroz,Bebida,117,397,2029-02-21,21/02/2029,Maria
Trigo,Fibra,547,473,2029-02-22,22/02/2029,Ricardo
Trigo,Fibra,622,287,sem data,23/02/2029,Ana
Café,Grão,indefinido,121,2029-02-24,erro,Maria
Arroz,Bebida,621,,sem data,25/02/2029,João
Café,Fibra,484,51,2029-02-26,26/02/2029,Ricardo
Milho,Grão,528,76,sem data,27/02/2029,Maria
Café,Fibra,703,421,2029-02-28,28/02/2029,Fernanda
Cana-de-açúcar,Bebida,303,178,2029-03-01,01/03/2029,Ricardo
Algodão,Fibra,541,202,2029-03-02,02/03/2029,Patrícia
Cana-de-açúcar,Bebida,29,117,2029-03-03,03/03/2029,Patrícia
Café,Cereal,indefinido,132,2029-03-04,04/03/2029,Pedro
Arroz,Fibra,493,215,2029-03-05,05/03/2029,Ana
Algodão,Bebida,351,323,2029-03-06,06/03/2029,Ana
Soja,Fibra,977,450,2029-03-07,07/03/2029,Carlos
Arroz,Grão,705,141,2029-03-08,08/03/2029,João
Milho,Cereal,735,130,2029-03-09,09/03/2029,Fernanda
Arroz,Cereal,568,124,2029-03-10,10/03/2029,
Algodão,Fibra,126,234,2029-03-11,11/03/2029,
Cana-de-açúcar,Bebida,542,374,2029-03-12,12/03/2029,Fernanda
Trigo,Fibra,888,149,sem data,13/03/2029,Carlos
Milho,Fibra,648,24,2029-03-14,erro,Maria
Algodão,Cereal,340,351,2029-03-15,15/03/2029,Maria
Trigo,Fibra,14,139,2029-03-16,16/03/2029,Patrícia
Milho,Cereal,696,150,2029-03-17,17/03/2029,Fernanda
Milho,Bebida,245,131,sem data,18/03/2029,Ana
Arroz,Bebida,72,217,2029-03-19,19/03/2029,Pedro
Algodão,Grão,195,202,2029-03-20,20/03/2029,Ana
Cana-de-açúcar,Bebida,715,326,2029-03-21,21/03/2029,Maria
Algodão,Grão,177,345,sem data,22/03/2029,Ana
Trigo,Cereal,341,95,2029-03-23,23/03/2029,Ricardo
Cana-de-açúcar,Bebida,559,,2029-03-24,24/03/2029,Ricardo
Trigo,Cereal,785,255,2029-03-25,25/03/2029,
Algodão,Grão,279,233,2029-03-26,26/03/2029,Carlos
Cana-de-açúcar,Bebida,146,294,2029-03-27,27/03/2029,Pedro
Arroz,Grão,773,124,2029-03-28,erro,João
Cana-de-açúcar,Grão,867,67,2029-03-29,29/03/2029,Carlos
Cana-de-açúcar,Fibra,863,403,sem data,30/03/2029,Pedro
Algodão,Grão,695,358,2029-03-31,31/03/2029,Ana
Arroz,Grão,568,400,2029-04-01,01/04/2029,Pedro
Soja,Grão,163,356,2029-04-02,02/04/2029,Pedro
Algodão,Grão,548,,2029-04-03,03/04/2029,Patrícia
Café,Fibra,364,169,2029-04-04,04/04/2029,Patrícia
Arroz,Cereal,458,338,sem data,05/04/2029,Maria
Café,Cereal,292,6,2029-04-06,06/04/2029,Pedro
Algodão,Bebida,823,249,2029-04-07,07/04/2029,Ricardo
Algodão,Grão,indefinido,243,2029-04-08,08/04/2029,Maria
Cana-de-açúcar,Fibra,345,404,2029-04-09,09/04/2029,Carlos
Algodão,Grão,313,261,2029-04-10,10/04/2029,Pedro
Cana-de-açúcar,Fibra,888,423,2029-04-11,erro,Ricardo
Trigo,Bebida,275,183,2029-04-12,12/04/2029,João
Cana-de-açúcar,Fibra,553,50,2029-04-13,13/04/2029,Fernanda
Algodão,Bebida,173,7,2029-04-14,14/04/2029,Ricardo
Arroz,Grão,432,46,2029-04-15,15/04/2029,Pedro
Soja,Grão,424,113,2029-04-16,erro,Pedro
Arroz,Bebida,650,415,2029-04-17,erro,Pedro
Algodão,Cereal,indefinido,402,2029-04-18,18/04/2029,João
Arroz,Bebida,355,240,2029-04-19,19/04/2029,Maria
Trigo,Cereal,455,,2029-04-20,erro,Ana
Soja,Cereal,433,59,2029-04-21,21/04/2029,Ana
Algodão,Bebida,465,8,2029-04-22,22/04/2029,Carlos
Arroz,Fibra,indefinido,160,2029-04-23,23/04/2029,
Arroz,Cereal,590,32,sem data,24/04/2029,Patrícia
Milho,Bebida,501,377,2029-04-25,25/04/2029,Fernanda
Cana-de-açúcar,Fibra,663,217,2029-04-26,26/04/2029,Carlos
Algodão,Cereal,138,165,2029-04-27,27/04/2029,Carlos
Milho,Cereal,344,28,2029-04-28,28/04/2029,Patrícia
Arroz,Grão,314,369,2029-04-29,29/04/2029,João
Arroz,Grão,90,220,2029-04-30,30/04/2029,João
Soja,Fibra,487,240,2029-05-01,01/05/2029,Fernanda
Arroz,Fibra,564,50,sem data,02/05/2029,Ricardo
Cana-de-açúcar,Fibra,13,58,2029-05-03,03/05/2029,Fernanda
Arroz,Bebida,810,224,2029-05-04,erro,João
Algodão,Bebida,indefinido,258,2029-05-05,05/05/2029,Maria
Soja,Cereal,392,247,2029-05-06,06/05/2029,Pedro
Soja,Cereal,840,116,2029-05-07,07/05/2029,Maria
Trigo,Cereal,445,388,2029-05-08,08/05/2029,Pedro
Soja,Grão,989,,2029-05-09,erro,Pedro
Trigo,Cereal,910,197,2029-05-10,10/05/2029,Maria
Milho,Bebida,198,492,2029-05-11,11/05/2029,Patrícia
Trigo,Grão,418,410,2029-05-12,12/05/2029,Fernanda
Milho,Grão,842,,2029-05-13,erro,João
Trigo,Bebida,935,268,2029-05-14,14/05/2029,Carlos
Algodão,Bebida,413,398,2029-05-15,15/05/2029,Ana
Trigo,Bebida,661,80,2029-05-16,16/05/2029,Fernanda
Arroz,Fibra,144,243,2029-05-17,17/05/2029,João
Algodão,Bebida,642,277,2029-05-18,erro,Fernanda
Café,Cereal,indefinido,65,2029-05-19,19/05/2029,Ana
Milho,Fibra,848,483,2029-05-20,20/05/2029,Ana
Arroz,Fibra,751,406,2029-05-21,21/05/2029,João
Arroz,Cereal,106,22,2029-05-22,22/05/2029,Fernanda
Algodão,Bebida,531,433,2029-05-23,23/05/2029,Carlos
Cana-de-açúcar,Grão,992,437,2029-05-24,24/05/2029,Fernanda
Arroz,Grão,370,362,2029-05-25,25/05/2029,Maria
Algodão,Bebida,152,179,2029-05-26,26/05/2029,Fernanda
Arroz,Cereal,799,260,2029-05-27,27/05/2029,Patrícia
Trigo,Cereal,437,258,2029-05-28,28/05/2029,Carlos
Arroz,Bebida,128,117,2029-05-29,29/05/2029,Carlos
Soja,Grão,414,289,2029-05-30,30/05/2029,Pedro
Trigo,Bebida,987,,2029-05-31,31/05/2029,Fernanda
Trigo,Bebida,857,311,2029-06-01,erro,Ricardo
Algodão,Cereal,indefinido,51,2029-06-02,02/06/2029,Fernanda
Algodão,Bebida,50,42,2029-06-03,03/06/2029,João
Soja,Cereal,indefinido,,2029-06-04,04/06/2029,Carlos
Trigo,Grão,606,221,2029-06-05,05/06/2029,Ricardo
Trigo,Bebida,707,362,2029-06-06,06/06/2029,Patrícia
Café,Cereal,237,249,2029-06-07,07/06/2029,Pedro
Cana-de-açúcar,Bebida,432,308,2029-06-08,08/06/2029,Carlos
Arroz,Bebida,584,35,2029-06-09,09/06/2029,Fernanda
Café,Grão,620,372,2029-06-10,erro,Patrícia
Café,Fibra,772,98,2029-06-11,11/06/2029,Pedro
Arroz,Fibra,622,80,2029-06-12,12/06/2029,Carlos
Cana-de-açúcar,Fibra,412,84,2029-06-13,13/06/2029,João
Soja,Fibra,177,12,2029-06-14,14/06/2029,Ana
Arroz,Grão,433,92,2029-06-15,erro,Fernanda
Algodão,Cereal,indefinido,,2029-06-16,16/06/2029,Ricardo
Trigo,Grão,195,251,2029-06-17,17/06/2029,Pedro
Arroz,Cereal,493,336,2029-06-18,18/06/2029,Patrícia
Cana-de-açúcar,Fibra,457,385,2029-06-19,19/06/2029,Ana
Algodão,Fibra,316,276,2029-06-20,20/06/2029,Maria
Trigo,Grão,65,319,2029-06-21,21/06/2029,João
Milho,Fibra,982,403,2029-06-22,22/06/2029,Ricardo
